time,PNG,X,Y,left,right,lclick,rclick,return,space,escape,up,down,pageup,pagedown,control
31,1,0,0,0,0,0,0,0,0,0,0,0,0,0,0
62,0,0,0,0,0,0,0,0,0,0,0,0,0,0,0
78,0,0,0,0,0,0,0,0,0,0,0,0,0,0,0
94,0,0,0,0,0,0,0,0,0,0,0,0,0,0,0
125,0,0,0,0,0,0,0,0,0,0,0,0,0,0,0
141,0,0,0,0,0,0,0,0,0,0,0,0,0,0,0
172,0,0,0,0,0,0,0,0,0,0,0,0,0,0,0
203,0,0,0,0,0,0,0,0,0,0,0,0,0,0,0
219,0,0,0,0,0,0,0,0,0,0,0,0,0,0,0
250,0,0,0,0,0,0,0,0,0,0,0,0,0,0,0
266,0,0,0,0,0,0,0,0,0,0,0,0,0,0,0
297,0,0,0,0,0,0,0,0,0,0,0,0,0,0,0
328,0,0,0,0,0,0,0,0,0,0,0,0,0,0,0
344,0,0,0,0,0,0,0,0,0,0,0,0,0,0,0
375,1,0,0,0,0,0,0,0,0,0,0,0,0,0,0
391,0,0,0,0,0,0,0,0,0,0,0,0,0,0,0
422,0,0,0,0,0,0,0,0,0,0,0,0,0,0,0
453,0,0,0,0,0,0,0,0,0,0,0,0,0,0,0
469,0,0,0,0,0,0,0,0,0,0,0,0,0,0,0
500,0,0,0,0,0,0,0,0,0,0,0,0,0,0,0
516,0,0,0,0,0,0,0,0,0,0,0,0,0,0,0
547,0,0,0,0,0,0,0,0,0,0,0,0,0,0,0
578,0,0,0,0,0,0,0,0,0,0,0,0,0,0,0
594,0,0,0,0,0,0,0,0,0,0,0,0,0,0,0
625,0,0,0,0,0,0,0,0,0,0,0,0,0,0,0
641,0,0,0,0,0,0,0,0,0,0,0,0,0,0,0
672,0,0,0,0,0,0,0,0,0,0,0,0,0,0,0
703,0,0,0,0,0,0,0,0,0,0,0,0,0,0,0
719,1,0,0,0,0,0,0,0,0,0,0,0,0,0,0
750,0,0,0,0,0,0,0,0,0,0,0,0,0,0,0
766,0,0,0,0,0,0,0,0,0,0,0,0,0,0,0
797,0,0,0,0,0,0,0,0,0,0,0,0,0,0,0
828,0,0,0,0,0,0,0,0,0,0,0,0,0,0,0
844,0,0,0,0,0,0,0,0,0,0,0,0,0,0,0
875,0,0,0,0,0,0,0,0,0,0,0,0,0,0,0
891,0,0,0,0,0,0,0,0,0,0,0,0,0,0,0
922,0,0,0,0,0,0,0,0,0,0,0,0,0,0,0
953,0,0,0,0,0,0,0,0,0,0,0,0,0,0,0
969,0,0,0,0,0,0,0,0,0,0,0,0,0,0,0
1000,0,0,0,0,0,0,0,0,0,0,0,0,0,0,0
1016,0,0,0,0,0,0,0,0,0,0,0,0,0,0,0
1047,0,0,0,0,0,0,0,0,0,0,0,0,0,0,0
1078,1,0,0,0,0,0,0,0,0,0,0,0,0,0,0
1094,0,0,0,0,0,0,0,0,0,0,0,0,0,0,0
1125,0,0,0,0,0,0,0,0,0,0,0,0,0,0,0
1141,0,0,0,0,0,0,0,0,0,0,0,0,0,0,0
1172,0,0,0,0,0,0,0,0,0,0,0,0,0,0,0
1203,0,0,0,0,0,0,0,0,0,0,0,0,0,0,0
1219,0,0,0,0,0,0,0,0,0,0,0,0,0,0,0
1250,0,0,0,0,0,0,0,0,0,0,0,0,0,0,0
1266,0,0,0,0,0,0,0,0,0,0,0,0,0,0,0
1297,0,0,0,0,0,0,0,0,0,0,0,0,0,0,0
1328,0,0,0,0,0,0,0,0,0,0,0,0,0,0,0
1344,0,0,0,0,0,0,0,0,0,0,0,0,0,0,0
1375,0,0,0,0,0,0,0,0,0,0,0,0,0,0,0
1391,0,0,0,0,0,0,0,0,0,0,0,0,0,0,0
1422,1,0,0,0,0,0,0,0,0,0,0,0,0,0,0
1453,0,0,0,0,0,0,0,0,0,0,0,0,0,0,0
1469,0,0,0,0,0,0,0,0,0,0,0,0,0,0,0
1500,0,0,0,0,0,0,0,0,0,0,0,0,0,0,0
1516,0,0,0,0,0,0,0,0,0,0,0,0,0,0,0
1547,0,0,0,0,0,0,0,0,0,0,0,0,0,0,0
1578,0,0,0,0,0,0,0,0,0,0,0,0,0,0,0
1594,0,0,0,0,0,0,0,0,0,0,0,0,0,0,0
1625,0,0,0,0,0,0,0,0,0,0,0,0,0,0,0
1641,0,0,0,0,0,0,0,0,0,0,0,0,0,0,0
1672,0,0,0,0,0,0,0,0,0,0,0,0,0,0,0
1703,0,0,0,0,0,0,0,0,0,0,0,0,0,0,0
1719,0,0,0,0,0,0,0,0,0,0,0,0,0,0,0
1750,0,0,0,0,0,0,0,0,0,0,0,0,0,0,0
1766,1,0,0,0,0,0,0,0,0,0,0,0,0,0,0
1797,0,0,0,0,0,0,0,0,0,0,0,0,0,0,0
1828,0,0,0,0,0,0,0,0,0,0,0,0,0,0,0
1844,0,0,0,0,0,0,0,0,0,0,0,0,0,0,0
1875,0,0,0,0,0,0,0,0,0,0,0,0,0,0,0
1891,0,0,0,0,0,0,0,0,0,0,0,0,0,0,0
1922,0,0,0,0,0,0,0,0,0,0,0,0,0,0,0
1953,0,0,0,0,0,0,0,0,0,0,0,0,0,0,0
1969,0,0,0,0,0,0,0,0,0,0,0,0,0,0,0
2000,0,0,0,0,0,0,0,0,0,0,0,0,0,0,0
2016,0,0,0,0,0,0,0,0,0,0,0,0,0,0,0
2047,0,0,0,0,0,0,0,0,0,0,0,0,0,0,0
2078,0,0,0,0,0,0,0,0,0,0,0,0,0,0,0
2094,0,0,0,0,0,0,0,0,0,0,0,0,0,0,0
2125,1,0,0,0,0,0,0,0,0,0,0,0,0,0,0
2141,0,0,0,0,0,0,0,0,0,0,0,0,0,0,0
2172,0,0,0,0,0,0,0,0,0,0,0,0,0,0,0
2203,0,0,0,0,0,0,0,0,0,0,0,0,0,0,0
2219,0,0,0,0,0,0,0,0,0,0,0,0,0,0,0
2250,0,0,0,0,0,0,0,0,0,0,0,0,0,0,0
2266,0,0,0,0,0,0,0,0,0,0,0,0,0,0,0
2297,0,0,0,0,0,0,0,0,0,0,0,0,0,0,0
2328,0,0,0,0,0,0,0,0,0,0,0,0,0,0,0
2344,0,0,0,0,0,0,0,0,0,0,0,0,0,0,0
2375,0,0,0,0,0,0,0,0,0,0,0,0,0,0,0
2391,0,0,0,0,0,0,0,0,0,0,0,0,0,0,0
2422,0,0,0,0,0,0,0,0,0,0,0,0,0,0,0
2453,0,0,0,0,0,0,0,0,0,0,0,0,0,0,0
2469,1,0,0,0,0,0,0,0,0,0,0,0,0,0,0
2500,0,0,0,0,0,0,0,0,0,0,0,0,0,0,0
2516,0,0,0,0,0,0,0,0,0,0,0,0,0,0,0
2547,0,0,0,0,0,0,0,0,0,0,0,0,0,0,0
2578,0,0,0,0,0,0,0,0,0,0,0,0,0,0,0
2594,0,0,0,0,0,0,0,0,0,0,0,0,0,0,0
2625,0,0,0,0,0,0,0,0,0,0,0,0,0,0,0
2641,0,0,0,0,0,0,0,0,0,0,0,0,0,0,0
2672,0,0,0,0,0,0,0,0,0,0,0,0,0,0,0
2703,0,0,0,0,0,0,0,0,0,0,0,0,0,0,0
2719,0,0,0,0,0,0,0,0,0,0,0,0,0,0,0
2750,0,0,0,0,0,0,0,0,0,0,0,0,0,0,0
2766,0,0,0,0,0,0,0,0,0,0,0,0,0,0,0
2797,0,0,0,0,0,0,0,0,0,0,0,0,0,0,0
2828,1,0,0,0,0,0,0,0,0,0,0,0,0,0,0
2844,0,0,0,0,0,0,0,0,0,0,0,0,0,0,0
2875,0,0,0,0,0,0,0,0,0,0,0,0,0,0,0
2891,0,0,0,0,0,0,0,0,0,0,0,0,0,0,0
2922,0,0,0,0,0,0,0,0,0,0,0,0,0,0,0
2953,0,0,0,0,0,0,0,0,0,0,0,0,0,0,0
2969,0,0,0,0,0,0,0,0,0,0,0,0,0,0,0
3000,0,0,0,0,0,0,0,0,0,0,0,0,0,0,0
3016,0,0,0,0,0,0,0,0,0,0,0,0,0,0,0
3047,0,0,0,0,0,0,0,0,0,0,0,0,0,0,0
3078,0,0,0,0,0,0,0,0,0,0,0,0,0,0,0
3094,0,0,0,0,0,0,0,0,0,0,0,0,0,0,0
3125,0,0,0,0,0,0,0,0,0,0,0,0,0,0,0
3141,0,0,0,0,0,0,0,0,0,0,0,0,0,0,0
3172,1,0,0,0,0,0,0,0,0,0,0,0,0,0,0
3203,0,0,0,0,0,0,0,0,0,0,0,0,0,0,0
3219,0,0,0,0,0,0,0,0,0,0,0,0,0,0,0
3250,0,0,0,0,0,0,0,0,0,0,0,0,0,0,0
3266,0,0,0,0,0,0,0,0,0,0,0,0,0,0,0
3297,0,0,0,0,0,0,0,0,0,0,0,0,0,0,0
3328,0,0,0,0,0,0,0,0,0,0,0,0,0,0,0
3344,0,0,0,0,0,0,0,0,0,0,0,0,0,0,0
3375,0,0,0,0,0,0,0,0,0,0,0,0,0,0,0
3391,0,0,0,0,0,0,0,0,0,0,0,0,0,0,0
3422,0,0,0,0,0,0,0,0,0,0,0,0,0,0,0
3453,0,0,0,0,0,0,0,0,0,0,0,0,0,0,0
3469,0,0,0,0,0,0,0,0,0,0,0,0,0,0,0
3500,0,0,0,0,0,0,0,0,0,0,0,0,0,0,0
3516,1,0,0,0,0,0,0,0,0,0,0,0,0,0,0
3547,0,0,0,0,0,0,0,0,0,0,0,0,0,0,0
3578,0,0,0,0,0,0,0,0,0,0,0,0,0,0,0
3594,0,0,0,0,0,0,0,0,0,0,0,0,0,0,0
3625,0,0,0,0,0,0,0,0,0,0,0,0,0,0,0
3641,0,0,0,0,0,0,0,0,0,0,0,0,0,0,0
3672,0,0,0,0,0,0,0,0,0,0,0,0,0,0,0
3703,0,0,0,0,0,0,0,0,0,0,0,0,0,0,0
3719,0,0,0,0,0,0,0,0,0,0,0,0,0,0,0
3750,0,0,0,0,0,0,0,0,0,0,0,0,0,0,0
3766,0,0,0,0,0,0,0,0,0,0,0,0,0,0,0
3797,0,0,0,0,0,0,0,0,0,0,0,0,0,0,0
3828,0,0,0,0,0,0,0,0,0,0,0,0,0,0,0
3844,0,0,0,0,0,0,0,0,0,0,0,0,0,0,0
3875,1,0,0,0,0,0,0,0,0,0,0,0,0,0,0
3891,0,0,0,0,0,0,0,0,0,0,0,0,0,0,0
3922,0,0,0,0,0,0,0,0,0,0,0,0,0,0,0
3953,0,0,0,0,0,0,0,0,0,0,0,0,0,0,0
3969,0,0,0,0,0,0,0,0,0,0,0,0,0,0,0
4000,0,0,0,0,0,0,0,0,0,0,0,0,0,0,0
4016,0,0,0,0,0,0,0,0,0,0,0,0,0,0,0
4047,0,0,0,0,0,0,0,0,0,0,0,0,0,0,0
4078,0,0,0,0,0,0,0,0,0,0,0,0,0,0,0
4094,0,0,0,0,0,0,0,0,0,0,0,0,0,0,0
4125,0,0,0,0,0,0,0,0,0,0,0,0,0,0,0
4141,0,0,0,0,0,0,0,0,0,0,0,0,0,0,0
4172,0,0,0,0,0,0,0,0,0,0,0,0,0,0,0
4203,0,0,0,0,0,0,0,0,0,0,0,0,0,0,0
4219,1,0,0,0,0,0,0,0,0,0,0,0,0,0,0
4266,0,0,0,0,0,0,0,0,0,0,0,0,0,0,0
4297,0,0,0,0,0,0,0,0,0,0,0,0,0,0,0
4328,0,0,0,0,0,0,0,0,0,0,0,0,0,0,0
4344,0,0,0,0,0,0,0,0,0,0,0,0,0,0,0
4375,0,0,0,0,0,0,0,0,0,0,0,0,0,0,0
4391,0,0,0,0,0,0,0,0,0,0,0,0,0,0,0
4422,0,0,0,0,0,0,0,0,0,0,0,0,0,0,0
4453,0,0,0,0,0,0,0,0,0,0,0,0,0,0,0
4469,0,0,0,0,0,0,0,0,0,0,0,0,0,0,0
4500,0,0,0,0,0,0,0,0,0,0,0,0,0,0,0
4516,0,0,0,0,0,0,0,0,0,0,0,0,0,0,0
4547,0,0,0,0,0,0,0,0,0,0,0,0,0,0,0
4578,1,0,0,0,0,0,0,0,0,0,0,0,0,0,0
4625,0,0,0,0,0,0,0,0,0,0,0,0,0,0,0
4641,0,0,0,0,0,0,0,0,0,0,0,0,0,0,0
4672,0,0,0,0,0,0,0,0,0,0,0,0,0,0,0
4703,0,0,0,0,0,0,0,0,0,0,0,0,0,0,0
4719,0,0,0,0,0,0,0,0,0,0,0,0,0,0,0
4750,0,0,0,0,0,0,0,0,0,0,0,0,0,0,0
4766,0,0,0,0,0,0,0,0,0,0,0,0,0,0,0
4797,0,0,0,0,0,0,0,0,0,0,0,0,0,0,0
4828,0,0,0,0,0,0,0,0,0,0,0,0,0,0,0
4844,0,0,0,0,0,0,0,0,0,0,0,0,0,0,0
4875,0,0,0,0,0,0,0,0,0,0,0,0,0,0,0
4891,0,0,0,0,0,0,0,0,0,0,0,0,0,0,0
4922,1,0,0,0,0,0,0,0,0,0,0,0,0,0,0
4969,0,0,0,0,0,0,0,0,0,0,0,0,0,0,0
5000,0,0,0,0,0,0,0,0,0,0,0,0,0,0,0
5016,0,0,0,0,0,0,0,0,0,0,0,0,0,0,0
5047,0,0,0,0,0,0,0,0,0,0,0,0,0,0,0
5078,0,0,0,0,0,0,0,0,0,0,0,0,0,0,0
5094,0,0,0,0,0,0,0,0,0,0,0,0,0,0,0
5125,0,0,0,0,0,0,0,0,0,0,0,0,0,0,0
5141,0,0,0,0,0,0,0,0,0,0,0,0,0,0,0
5172,0,0,0,0,0,0,0,0,0,0,0,0,0,0,0
5203,0,0,0,0,0,0,0,0,0,0,0,0,0,0,0
5219,0,0,0,0,0,0,0,0,0,0,0,0,0,0,0
5250,0,0,0,0,0,0,0,0,0,0,0,0,0,0,0
5266,1,0,0,0,0,0,0,0,0,0,0,0,0,0,0
5312,0,0,0,0,0,0,0,0,0,0,0,0,0,0,0
5328,0,0,0,0,0,0,0,0,0,0,0,0,0,0,0
5344,0,0,0,0,0,0,0,0,0,0,0,0,0,0,0
5375,0,0,0,0,0,0,0,0,0,0,0,0,0,0,0
5391,0,0,0,0,0,0,0,0,0,0,0,0,0,0,0
5422,0,0,0,0,0,0,0,0,0,0,0,0,0,0,0
5453,0,0,0,0,0,0,0,0,0,0,0,0,0,0,0
5469,0,0,0,0,0,0,0,0,0,0,0,0,0,0,0
5500,0,0,0,0,0,0,0,0,0,0,0,0,0,0,0
5516,0,0,0,0,0,0,0,0,0,0,0,0,0,0,0
5547,0,0,0,0,0,0,0,0,0,0,0,0,0,0,0
5578,1,786,715,0,0,0,0,0,0,0,0,0,0,0,0
5625,1,784,702,0,0,0,0,0,0,0,0,0,0,0,0
5672,1,782,686,0,0,0,0,0,0,0,0,0,0,0,0
5734,1,782,669,0,0,0,0,0,0,0,0,0,0,0,0
5797,1,782,663,0,0,0,0,0,0,0,0,0,0,0,0
5844,1,782,655,0,0,0,0,0,0,0,0,0,0,0,0
5891,1,783,645,0,0,0,0,0,0,0,0,0,0,0,0
5953,1,783,643,0,0,0,0,0,0,0,0,0,0,0,0
6000,0,783,643,0,0,0,0,0,0,0,0,0,0,0,0
6016,0,783,643,0,0,0,0,0,0,0,0,0,0,0,0
6047,0,783,643,0,0,0,0,0,0,0,0,0,0,0,0
6078,0,783,643,0,0,0,0,0,0,0,0,0,0,0,0
6094,0,783,643,0,0,0,0,0,0,0,0,0,0,0,0
6125,0,783,643,0,0,0,0,0,0,0,0,0,0,0,0
6141,0,783,643,0,0,0,0,0,0,0,0,0,0,0,0
6172,1,783,643,1,0,0,0,0,0,0,0,0,0,0,0
6219,0,783,643,0,0,0,0,0,0,0,0,0,0,0,0
6250,0,783,643,0,0,0,0,0,0,0,0,0,0,0,0
6266,0,783,643,0,0,0,0,0,0,0,0,0,0,0,0
6297,1,783,643,0,0,1,0,0,0,0,0,0,0,0,0
6344,0,783,643,0,0,0,0,0,0,0,0,0,0,0,0
6375,0,783,643,0,0,0,0,0,0,0,0,0,0,0,0
6391,0,783,643,0,0,0,0,0,0,0,0,0,0,0,0
6422,0,783,643,0,0,0,0,0,0,0,0,0,0,0,0
6453,0,783,643,0,0,0,0,0,0,0,0,0,0,0,0
6469,0,783,643,0,0,0,0,0,0,0,0,0,0,0,0
6500,0,783,643,0,0,0,0,0,0,0,0,0,0,0,0
6516,0,783,643,0,0,0,0,0,0,0,0,0,0,0,0
6547,0,783,643,0,0,0,0,0,0,0,0,0,0,0,0
6578,0,783,643,0,0,0,0,0,0,0,0,0,0,0,0
6594,0,783,643,0,0,0,0,0,0,0,0,0,0,0,0
6625,0,783,643,0,0,0,0,0,0,0,0,0,0,0,0
6641,1,783,643,0,0,0,0,0,0,0,0,0,0,0,0
6687,0,783,643,0,0,0,0,0,0,0,0,0,0,0,0
6703,0,783,643,0,0,0,0,0,0,0,0,0,0,0,0
6719,0,783,643,0,0,0,0,0,0,0,0,0,0,0,0
6750,0,783,643,0,0,0,0,0,0,0,0,0,0,0,0
6766,0,783,643,0,0,0,0,0,0,0,0,0,0,0,0
6797,0,783,643,0,0,0,0,0,0,0,0,0,0,0,0
6828,0,783,643,0,0,0,0,0,0,0,0,0,0,0,0
6844,0,783,643,0,0,0,0,0,0,0,0,0,0,0,0
6875,0,783,643,0,0,0,0,0,0,0,0,0,0,0,0
6891,0,783,643,0,0,0,0,0,0,0,0,0,0,0,0
6922,0,783,643,0,0,0,0,0,0,0,0,0,0,0,0
6953,0,783,643,0,0,0,0,0,0,0,0,0,0,0,0
6969,0,783,643,0,0,0,0,0,0,0,0,0,0,0,0
7000,1,783,643,0,0,0,0,0,0,0,0,0,0,0,0
7047,1,784,629,0,0,0,0,0,0,0,0,0,0,0,0
7094,1,786,619,0,0,0,0,0,0,0,0,0,0,0,0
7141,1,788,587,0,0,0,0,0,0,0,0,0,0,0,0
7187,1,787,538,0,0,0,0,0,0,0,0,0,0,0,0
7234,1,787,500,0,0,0,0,0,0,0,0,0,0,0,0
7297,1,789,471,0,0,0,0,0,0,0,0,0,0,0,0
7344,1,797,453,0,0,0,0,0,0,0,0,0,0,0,0
7391,1,812,423,0,0,0,0,0,0,0,0,0,0,0,0
7437,1,821,405,0,0,0,0,0,0,0,0,0,0,0,0
7469,1,825,394,0,0,0,0,0,0,0,0,0,0,0,0
7516,1,828,386,0,0,0,0,0,0,0,0,0,0,0,0
7578,1,829,381,0,0,0,0,0,0,0,0,0,0,0,0
7625,1,830,376,0,0,0,0,0,0,0,0,0,0,0,0
7672,1,833,367,0,0,0,0,0,0,0,0,0,0,0,0
7719,1,840,350,0,0,0,0,0,0,0,0,0,0,0,0
7766,1,846,344,0,0,0,0,0,0,0,0,0,0,0,0
7812,1,866,342,0,0,0,0,0,0,0,0,0,0,0,0
7859,1,901,342,0,0,0,0,0,0,0,0,0,0,0,0
7922,1,931,343,0,0,0,0,0,0,0,0,0,0,0,0
7969,1,932,343,0,0,0,0,0,0,0,0,0,0,0,0
8016,1,935,345,0,0,0,0,0,0,0,0,0,0,0,0
8047,1,936,345,0,0,0,0,0,0,0,0,0,0,0,0
8094,0,936,345,0,0,0,0,0,0,0,0,0,0,0,0
8125,0,936,345,0,0,0,0,0,0,0,0,0,0,0,0
8141,0,936,345,0,0,0,0,0,0,0,0,0,0,0,0
8172,0,936,345,0,0,0,0,0,0,0,0,0,0,0,0
8203,0,936,345,0,0,0,0,0,0,0,0,0,0,0,0
8219,0,936,345,0,0,0,0,0,0,0,0,0,0,0,0
8250,0,936,345,0,0,0,0,0,0,0,0,0,0,0,0
8266,0,936,345,0,0,0,0,0,0,0,0,0,0,0,0
8297,1,936,345,1,0,0,0,0,0,0,0,0,0,0,0
8344,0,936,345,0,0,0,0,0,0,0,0,0,0,0,0
8375,0,936,345,0,0,0,0,0,0,0,0,0,0,0,0
8391,0,936,345,0,0,0,0,0,0,0,0,0,0,0,0
8422,0,936,345,0,0,0,0,0,0,0,0,0,0,0,0
8453,1,936,345,0,0,1,0,0,0,0,0,0,0,0,0
8500,0,936,345,0,0,0,0,0,0,0,0,0,0,0,0
8516,0,936,345,0,0,0,0,0,0,0,0,0,0,0,0
8547,0,936,345,0,0,0,0,0,0,0,0,0,0,0,0
8578,0,936,345,0,0,0,0,0,0,0,0,0,0,0,0
8594,0,936,345,0,0,0,0,0,0,0,0,0,0,0,0
8625,0,936,345,0,0,0,0,0,0,0,0,0,0,0,0
8641,0,936,345,0,0,0,0,0,0,0,0,0,0,0,0
8672,0,936,345,0,0,0,0,0,0,0,0,0,0,0,0
8703,0,936,345,0,0,0,0,0,0,0,0,0,0,0,0
8719,0,936,345,0,0,0,0,0,0,0,0,0,0,0,0
8750,0,936,345,0,0,0,0,0,0,0,0,0,0,0,0
8766,0,936,345,0,0,0,0,0,0,0,0,0,0,0,0
8797,1,936,345,0,0,0,0,0,0,0,0,0,0,0,0
8844,0,936,345,0,0,0,0,0,0,0,0,0,0,0,0
8875,0,936,345,0,0,0,0,0,0,0,0,0,0,0,0
8891,0,936,345,0,0,0,0,0,0,0,0,0,0,0,0
8922,0,936,345,0,0,0,0,0,0,0,0,0,0,0,0
8953,0,936,345,0,0,0,0,0,0,0,0,0,0,0,0
8969,0,936,345,0,0,0,0,0,0,0,0,0,0,0,0
9000,0,936,345,0,0,0,0,0,0,0,0,0,0,0,0
9016,0,936,345,0,0,0,0,0,0,0,0,0,0,0,0
9047,0,936,345,0,0,0,0,0,0,0,0,0,0,0,0
9078,0,936,345,0,0,0,0,0,0,0,0,0,0,0,0
9094,0,936,345,0,0,0,0,0,0,0,0,0,0,0,0
9125,0,936,345,0,0,0,0,0,0,0,0,0,0,0,0
9141,1,936,345,0,0,0,0,0,0,0,0,0,0,0,0
9187,0,936,345,0,0,0,0,0,0,0,0,0,0,0,0
9203,0,936,345,0,0,0,0,0,0,0,0,0,0,0,0
9219,0,936,345,0,0,0,0,0,0,0,0,0,0,0,0
9250,0,936,345,0,0,0,0,0,0,0,0,0,0,0,0
9266,1,934,346,0,0,0,0,0,0,0,0,0,0,0,0
9312,1,924,346,0,0,0,0,0,0,0,0,0,0,0,0
9359,1,918,346,0,0,0,0,0,0,0,0,0,0,0,0
9406,1,914,347,0,0,0,0,0,0,0,0,0,0,0,0
9469,1,906,348,0,0,0,0,0,0,0,0,0,0,0,0
9516,1,886,348,0,0,0,0,0,0,0,0,0,0,0,0
9562,1,866,346,0,0,0,0,0,0,0,0,0,0,0,0
9609,1,854,345,0,0,0,0,0,0,0,0,0,0,0,0
9656,1,853,345,0,0,0,0,0,0,0,0,0,0,0,0
9719,1,852,345,0,0,0,0,0,0,0,0,0,0,0,0
9766,1,844,345,0,0,0,0,0,0,0,0,0,0,0,0
9812,1,835,345,0,0,0,0,0,0,0,0,0,0,0,0
9859,1,827,346,0,0,0,0,0,0,0,0,0,0,0,0
9906,1,824,347,0,0,0,0,0,0,0,0,0,0,0,0
9953,1,823,347,0,0,0,0,0,0,0,0,0,0,0,0
10016,0,823,347,0,0,0,0,0,0,0,0,0,0,0,0
10047,0,823,347,0,0,0,0,0,0,0,0,0,0,0,0
10078,0,823,347,0,0,0,0,0,0,0,0,0,0,0,0
10094,0,823,347,0,0,0,0,0,0,0,0,0,0,0,0
10125,0,823,347,0,0,0,0,0,0,0,0,0,0,0,0
10141,0,823,347,0,0,0,0,0,0,0,0,0,0,0,0
10172,0,823,347,0,0,0,0,0,0,0,0,0,0,0,0
10203,0,823,347,0,0,0,0,0,0,0,0,0,0,0,0
10219,0,823,347,0,0,0,0,0,0,0,0,0,0,0,0
10250,0,823,347,0,0,0,0,0,0,0,0,0,0,0,0
10266,0,823,347,0,0,0,0,0,0,0,0,0,0,0,0
10297,1,823,347,0,0,0,0,0,0,0,0,0,0,0,0
10344,1,823,347,1,0,0,0,0,0,0,0,0,0,0,0
10391,1,823,347,0,0,1,0,0,0,0,0,0,0,0,0
10453,0,823,347,0,0,0,0,0,0,0,0,0,0,0,0
10469,0,823,347,0,0,0,0,0,0,0,0,0,0,0,0
10500,0,823,347,0,0,0,0,0,0,0,0,0,0,0,0
10516,0,823,347,0,0,0,0,0,0,0,0,0,0,0,0
10547,0,823,347,0,0,0,0,0,0,0,0,0,0,0,0
10578,0,823,347,0,0,0,0,0,0,0,0,0,0,0,0
10594,0,823,347,0,0,0,0,0,0,0,0,0,0,0,0
10625,0,823,347,0,0,0,0,0,0,0,0,0,0,0,0
10641,0,823,347,0,0,0,0,0,0,0,0,0,0,0,0
10672,0,823,347,0,0,0,0,0,0,0,0,0,0,0,0
10703,0,823,347,0,0,0,0,0,0,0,0,0,0,0,0
10719,0,823,347,0,0,0,0,0,0,0,0,0,0,0,0
10750,1,823,347,0,0,0,0,0,0,0,0,0,0,0,0
10797,0,823,347,0,0,0,0,0,0,0,0,0,0,0,0
10828,0,823,347,0,0,0,0,0,0,0,0,0,0,0,0
10844,0,823,347,0,0,0,0,0,0,0,0,0,0,0,0
10875,0,823,347,0,0,0,0,0,0,0,0,0,0,0,0
10891,0,823,347,0,0,0,0,0,0,0,0,0,0,0,0
10922,0,823,347,0,0,0,0,0,0,0,0,0,0,0,0
10953,0,823,347,0,0,0,0,0,0,0,0,0,0,0,0
10969,0,823,347,0,0,0,0,0,0,0,0,0,0,0,0
11000,0,823,347,0,0,0,0,0,0,0,0,0,0,0,0
11016,0,823,347,0,0,0,0,0,0,0,0,0,0,0,0
11047,0,823,347,0,0,0,0,0,0,0,0,0,0,0,0
11078,0,823,347,0,0,0,0,0,0,0,0,0,0,0,0
11094,1,823,347,0,0,0,0,0,0,0,0,0,0,0,0
11141,0,823,347,0,0,0,0,0,0,0,0,0,0,0,0
11172,0,823,347,0,0,0,0,0,0,0,0,0,0,0,0
11203,0,823,347,0,0,0,0,0,0,0,0,0,0,0,0
11219,0,823,347,0,0,0,0,0,0,0,0,0,0,0,0
11250,0,823,347,0,0,0,0,0,0,0,0,0,0,0,0
11266,0,823,347,0,0,0,0,0,0,0,0,0,0,0,0
11297,0,823,347,0,0,0,0,0,0,0,0,0,0,0,0
11328,0,823,347,0,0,0,0,0,0,0,0,0,0,0,0
11344,0,823,347,0,0,0,0,0,0,0,0,0,0,0,0
11375,0,823,347,0,0,0,0,0,0,0,0,0,0,0,0
11391,0,823,347,0,0,0,0,0,0,0,0,0,0,0,0
11422,0,823,347,0,0,0,0,0,0,0,0,0,0,0,0
11453,1,823,347,0,0,0,0,0,0,0,0,0,0,0,0
11500,0,823,347,0,0,0,0,0,0,0,0,0,0,0,0
11516,0,823,347,0,0,0,0,0,0,0,0,0,0,0,0
11547,0,823,347,0,0,0,0,0,0,0,0,0,0,0,0
11578,0,823,347,0,0,0,0,0,0,0,0,0,0,0,0
11594,0,823,347,0,0,0,0,0,0,0,0,0,0,0,0
11625,0,823,347,0,0,0,0,0,0,0,0,0,0,0,0
11641,0,823,347,0,0,0,0,0,0,0,0,0,0,0,0
11672,0,823,347,0,0,0,0,0,0,0,0,0,0,0,0
11703,0,823,347,0,0,0,0,0,0,0,0,0,0,0,0
11719,0,823,347,0,0,0,0,0,0,0,0,0,0,0,0
11750,0,823,347,0,0,0,0,0,0,0,0,0,0,0,0
11766,1,825,347,0,0,0,0,0,0,0,0,0,0,0,0
11812,1,827,347,0,0,0,0,0,0,0,0,0,0,0,0
11859,0,827,347,0,0,0,0,0,0,0,0,0,0,0,0
11875,0,827,347,0,0,0,0,0,0,0,0,0,0,0,0
11891,0,827,347,0,0,0,0,0,0,0,0,0,0,0,0
11922,0,827,347,0,0,0,0,0,0,0,0,0,0,0,0
11953,0,827,347,0,0,0,0,0,0,0,0,0,0,0,0
11969,0,827,347,0,0,0,0,0,0,0,0,0,0,0,0
12000,0,827,347,0,0,0,0,0,0,0,0,0,0,0,0
12016,0,827,347,0,0,0,0,0,0,0,0,0,0,0,0
12047,0,827,347,0,0,0,0,0,0,0,0,0,0,0,0
12078,0,827,347,0,0,0,0,0,0,0,0,0,0,0,0
12094,1,829,347,0,0,0,0,0,0,0,0,0,0,0,0
12141,1,835,346,0,0,0,0,0,0,0,0,0,0,0,0
12187,1,840,345,0,0,0,0,0,0,0,0,0,0,0,0
12234,1,844,345,0,0,0,0,0,0,0,0,0,0,0,0
12281,1,846,345,0,0,0,0,0,0,0,0,0,0,0,0
12344,1,847,345,0,0,0,0,0,0,0,0,0,0,0,0
12391,0,847,345,0,0,0,0,0,0,0,0,0,0,0,0
12422,1,848,345,0,0,0,0,0,0,0,0,0,0,0,0
12469,1,854,344,0,0,0,0,0,0,0,0,0,0,0,0
12516,1,861,343,0,0,0,0,0,0,0,0,0,0,0,0
12562,1,870,343,0,0,0,0,0,0,0,0,0,0,0,0
12609,1,878,343,0,0,0,0,0,0,0,0,0,0,0,0
12656,1,880,343,0,0,0,0,0,0,0,0,0,0,0,0
12703,1,883,343,0,0,0,0,0,0,0,0,0,0,0,0
12766,1,899,344,0,0,0,0,0,0,0,0,0,0,0,0
12812,1,913,346,0,0,0,0,0,0,0,0,0,0,0,0
12859,1,914,346,0,0,0,0,0,0,0,0,0,0,0,0
12906,1,920,350,0,0,0,0,0,0,0,0,0,0,0,0
12953,1,922,351,0,0,0,0,0,0,0,0,0,0,0,0
13016,1,923,352,0,0,0,0,0,0,0,0,0,0,0,0
13062,0,923,352,0,0,0,0,0,0,0,0,0,0,0,0
13078,0,923,352,0,0,0,0,0,0,0,0,0,0,0,0
13094,0,923,352,0,0,0,0,0,0,0,0,0,0,0,0
13125,0,923,352,0,0,0,0,0,0,0,0,0,0,0,0
13141,0,923,352,0,0,0,0,0,0,0,0,0,0,0,0
13172,1,923,353,0,0,0,0,0,0,0,0,0,0,0,0
13219,1,923,357,0,0,0,0,0,0,0,0,0,0,0,0
13266,1,922,358,0,0,0,0,0,0,0,0,0,0,0,0
13312,1,920,360,0,0,0,0,0,0,0,0,0,0,0,0
13359,1,905,358,0,0,0,0,0,0,0,0,0,0,0,0
13406,1,884,342,0,0,0,0,0,0,0,0,0,0,0,0
13453,1,877,334,0,0,0,0,0,0,0,0,0,0,0,0
13516,1,876,333,0,0,0,0,0,0,0,0,0,0,0,0
13562,0,876,333,0,0,0,0,0,0,0,0,0,0,0,0
13578,1,875,333,0,0,0,0,0,0,0,0,0,0,0,0
13625,1,854,329,0,0,0,0,0,0,0,0,0,0,0,0
13672,1,771,313,0,0,0,0,0,0,0,0,0,0,0,0
13719,1,714,305,0,0,0,0,0,0,0,0,0,0,0,0
13766,1,700,305,0,0,0,0,0,0,0,0,0,0,0,0
13812,0,700,305,0,0,0,0,0,0,0,0,0,0,0,0
13828,0,700,305,0,0,0,0,0,0,0,0,0,0,0,0
13844,0,700,305,0,0,0,0,0,0,0,0,0,0,0,0
13875,1,697,305,0,0,0,0,0,0,0,0,0,0,0,0
13922,1,694,305,0,0,0,0,0,0,0,0,0,0,0,0
13969,0,694,305,0,0,0,0,0,0,0,0,0,0,0,0
14000,0,694,305,0,0,0,0,0,0,0,0,0,0,0,0
14016,0,694,305,0,0,0,0,0,0,0,0,0,0,0,0
14047,0,694,305,0,0,0,0,0,0,0,0,0,0,0,0
14078,0,694,305,0,0,0,0,0,0,0,0,0,0,0,0
14094,0,694,305,0,0,0,0,0,0,0,0,0,0,0,0
14125,0,694,305,0,0,0,0,0,0,0,0,0,0,0,0
14141,0,694,305,0,0,0,0,0,0,0,0,0,0,0,0
14172,0,694,305,0,0,0,0,0,0,0,0,0,0,0,0
14203,0,694,305,0,0,0,0,0,0,0,0,0,0,0,0
14219,0,694,305,0,0,0,0,0,0,0,0,0,0,0,0
14250,0,694,305,0,0,0,0,0,0,0,0,0,0,0,0
14266,1,699,307,0,0,0,0,0,0,0,0,0,0,0,0
14312,1,730,322,0,0,0,0,0,0,0,0,0,0,0,0
14359,1,808,361,0,0,0,0,0,0,0,0,0,0,0,0
14422,1,838,383,0,0,0,0,0,0,0,0,0,0,0,0
14469,1,848,399,0,0,0,0,0,0,0,0,0,0,0,0
14516,1,852,410,0,0,0,0,0,0,0,0,0,0,0,0
14578,1,852,416,0,0,0,0,0,0,0,0,0,0,0,0
14625,1,838,419,0,0,0,0,0,0,0,0,0,0,0,0
14672,1,794,409,0,0,0,0,0,0,0,0,0,0,0,0
14719,1,709,374,0,0,0,0,0,0,0,0,0,0,0,0
14766,1,690,365,0,0,0,0,0,0,0,0,0,0,0,0
14828,0,690,365,0,0,0,0,0,0,0,0,0,0,0,0
14844,1,688,364,0,0,0,0,0,0,0,0,0,0,0,0
14891,1,666,358,0,0,0,0,0,0,0,0,0,0,0,0
14937,1,632,349,0,0,0,0,0,0,0,0,0,0,0,0
15016,1,588,341,0,0,0,0,0,0,0,0,0,0,0,0
15062,1,567,336,0,0,0,0,0,0,0,0,0,0,0,0
15109,1,512,323,0,0,0,0,0,0,0,0,0,0,0,0
15172,1,428,304,0,0,0,0,0,0,0,0,0,0,0,0
15219,1,307,280,0,0,0,0,0,0,0,0,0,0,0,0
15266,1,249,268,0,0,0,0,0,0,0,0,0,0,0,0
15312,1,233,265,0,0,0,0,0,0,0,0,0,0,0,0
15359,1,225,265,0,0,0,0,0,0,0,0,0,0,0,0
15406,1,213,264,0,0,0,0,0,0,0,0,0,0,0,0
15453,1,202,264,0,0,0,0,0,0,0,0,0,0,0,0
15500,1,199,264,0,0,0,0,0,0,0,0,0,0,0,0
15547,1,184,266,0,0,0,0,0,0,0,0,0,0,0,0
15594,1,179,266,0,0,0,0,0,0,0,0,0,0,0,0
15641,1,178,266,0,0,0,0,0,0,0,0,0,0,0,0
15687,0,178,266,0,0,0,0,0,0,0,0,0,0,0,0
15703,0,178,266,0,0,0,0,0,0,0,0,0,0,0,0
15719,1,180,265,0,0,0,0,0,0,0,0,0,0,0,0
15766,1,197,261,0,0,0,0,0,0,0,0,0,0,0,0
15812,1,213,258,0,0,0,0,0,0,0,0,0,0,0,0
15859,0,213,258,0,0,0,0,0,0,0,0,0,0,0,0
15875,0,213,258,0,0,0,0,0,0,0,0,0,0,0,0
15891,0,213,258,0,0,0,0,0,0,0,0,0,0,0,0
15922,1,213,258,1,0,0,0,0,0,0,0,0,0,0,0
15953,1,214,258,0,0,0,0,0,0,0,0,0,0,0,0
16000,1,222,258,0,0,0,0,0,0,0,0,0,0,0,0
16047,1,232,259,0,0,0,0,0,0,0,0,0,0,0,0
16094,1,240,260,0,0,0,0,0,0,0,0,0,0,0,0
16141,1,245,260,0,0,0,0,0,0,0,0,0,0,0,0
16187,1,253,260,0,0,0,0,0,0,0,0,0,0,0,0
16234,1,257,260,0,0,0,0,0,0,0,0,0,0,0,0
16281,1,263,260,0,0,0,0,0,0,0,0,0,0,0,0
16328,1,269,260,0,0,0,0,0,0,0,0,0,0,0,0
16375,1,274,260,0,0,0,0,0,0,0,0,0,0,0,0
16437,1,279,260,0,0,0,0,0,0,0,0,0,0,0,0
16469,1,282,260,0,0,0,0,0,0,0,0,0,0,0,0
16516,1,284,260,0,0,0,0,0,0,0,0,0,0,0,0
16562,1,286,260,0,0,0,0,0,0,0,0,0,0,0,0
16609,1,289,260,0,0,0,0,0,0,0,0,0,0,0,0
16656,1,290,260,0,0,0,0,0,0,0,0,0,0,0,0
16703,1,292,260,0,0,0,0,0,0,0,0,0,0,0,0
16750,1,294,260,0,0,0,0,0,0,0,0,0,0,0,0
16797,1,298,260,0,0,0,0,0,0,0,0,0,0,0,0
16844,1,302,260,0,0,0,0,0,0,0,0,0,0,0,0
16891,1,305,260,0,0,0,0,0,0,0,0,0,0,0,0
16937,1,306,260,0,0,0,0,0,0,0,0,0,0,0,0
17000,1,308,260,0,0,0,0,0,0,0,0,0,0,0,0
17047,1,318,260,0,0,0,0,0,0,0,0,0,0,0,0
17094,1,331,261,0,0,0,0,0,0,0,0,0,0,0,0
17141,0,331,261,0,0,0,0,0,0,0,0,0,0,0,0
17172,0,331,261,0,0,0,0,0,0,0,0,0,0,0,0
17203,0,331,261,0,0,0,0,0,0,0,0,0,0,0,0
17219,0,331,261,0,0,0,0,0,0,0,0,0,0,0,0
17250,0,331,261,0,0,0,0,0,0,0,0,0,0,0,0
17266,0,331,261,0,0,0,0,0,0,0,0,0,0,0,0
17297,0,331,261,0,0,0,0,0,0,0,0,0,0,0,0
17328,0,331,261,0,0,0,0,0,0,0,0,0,0,0,0
17344,0,331,261,0,0,0,0,0,0,0,0,0,0,0,0
17375,1,331,261,0,0,1,0,0,0,0,0,0,0,0,0
17422,0,331,261,0,0,0,0,0,0,0,0,0,0,0,0
17453,0,331,261,0,0,0,0,0,0,0,0,0,0,0,0
17469,0,331,261,0,0,0,0,0,0,0,0,0,0,0,0
17500,0,331,261,0,0,0,0,0,0,0,0,0,0,0,0
17516,1,327,266,0,0,0,0,0,0,0,0,0,0,0,0
17562,1,318,276,0,0,0,0,0,0,0,0,0,0,0,0
17609,1,311,284,0,0,0,0,0,0,0,0,0,0,0,0
17656,1,307,290,0,0,0,0,0,0,0,0,0,0,0,0
17703,1,307,295,0,0,0,0,0,0,0,0,0,0,0,0
17750,1,306,297,0,0,0,0,0,0,0,0,0,0,0,0
17797,0,306,297,0,0,0,0,0,0,0,0,0,0,0,0
17828,0,306,297,0,0,0,0,0,0,0,0,0,0,0,0
17844,0,306,297,0,0,0,0,0,0,0,0,0,0,0,0
17875,0,306,297,0,0,0,0,0,0,0,0,0,0,0,0
17891,0,306,297,0,0,0,0,0,0,0,0,0,0,0,0
17922,0,306,297,0,0,0,0,0,0,0,0,0,0,0,0
17953,0,306,297,0,0,0,0,0,0,0,0,0,0,0,0
17969,0,306,297,0,0,0,0,0,0,0,0,0,0,0,0
18000,0,306,297,0,0,0,0,0,0,0,0,0,0,0,0
18016,0,306,297,0,0,0,0,0,0,0,0,0,0,0,0
18047,0,306,297,0,0,0,0,0,0,0,0,0,0,0,0
18078,0,306,297,0,0,0,0,0,0,0,0,0,0,0,0
18094,1,306,297,0,0,0,0,0,0,0,0,0,0,0,0
18141,0,306,297,0,0,0,0,0,0,0,0,0,0,0,0
18172,0,306,297,0,0,0,0,0,0,0,0,0,0,0,0
18203,0,306,297,0,0,0,0,0,0,0,0,0,0,0,0
18219,0,306,297,0,0,0,0,0,0,0,0,0,0,0,0
18250,1,305,298,0,0,0,0,0,0,0,0,0,0,0,0
18297,1,301,301,0,0,0,0,0,0,0,0,0,0,0,0
18344,0,301,301,0,0,0,0,0,0,0,0,0,0,0,0
18375,0,301,301,0,0,0,0,0,0,0,0,0,0,0,0
18391,0,301,301,0,0,0,0,0,0,0,0,0,0,0,0
18422,0,301,301,0,0,0,0,0,0,0,0,0,0,0,0
18453,0,301,301,0,0,0,0,0,0,0,0,0,0,0,0
18469,0,301,301,0,0,0,0,0,0,0,0,0,0,0,0
18500,0,301,301,0,0,0,0,0,0,0,0,0,0,0,0
18516,0,301,301,0,0,0,0,0,0,0,0,0,0,0,0
18547,0,301,301,0,0,0,0,0,0,0,0,0,0,0,0
18578,0,301,301,0,0,0,0,0,0,0,0,0,0,0,0
18594,0,301,301,0,0,0,0,0,0,0,0,0,0,0,0
18625,0,301,301,0,0,0,0,0,0,0,0,0,0,0,0
18641,1,301,301,0,0,0,0,0,0,0,0,0,0,0,0
18687,0,301,301,0,0,0,0,0,0,0,0,0,0,0,0
18703,0,301,301,0,0,0,0,0,0,0,0,0,0,0,0
18719,0,301,301,0,0,0,0,0,0,0,0,0,0,0,0
18750,0,301,301,0,0,0,0,0,0,0,0,0,0,0,0
18766,0,301,301,0,0,0,0,0,0,0,0,0,0,0,0
18797,0,301,301,0,0,0,0,0,0,0,0,0,0,0,0
18828,0,301,301,0,0,0,0,0,0,0,0,0,0,0,0
18844,0,301,301,0,0,0,0,0,0,0,0,0,0,0,0
18875,0,301,301,0,0,0,0,0,0,0,0,0,0,0,0
18891,0,301,301,0,0,0,0,0,0,0,0,0,0,0,0
18922,0,301,301,0,0,0,0,0,0,0,0,0,0,0,0
18953,0,301,301,0,0,0,0,0,0,0,0,0,0,0,0
18969,0,301,301,0,0,0,0,0,0,0,0,0,0,0,0
19000,1,301,301,0,0,0,0,0,0,0,0,0,0,0,0
19047,0,301,301,0,0,0,0,0,0,0,0,0,0,0,0
19078,0,301,301,0,0,0,0,0,0,0,0,0,0,0,0
19094,0,301,301,0,0,0,0,0,0,0,0,0,0,0,0
19125,0,301,301,0,0,0,0,0,0,0,0,0,0,0,0
19141,0,301,301,0,0,0,0,0,0,0,0,0,0,0,0
19172,0,301,301,0,0,0,0,0,0,0,0,0,0,0,0
19203,0,301,301,0,0,0,0,0,0,0,0,0,0,0,0
19219,0,301,301,0,0,0,0,0,0,0,0,0,0,0,0
19250,0,301,301,0,0,0,0,0,0,0,0,0,0,0,0
19266,0,301,301,0,0,0,0,0,0,0,0,0,0,0,0
19297,0,301,301,0,0,0,0,0,0,0,0,0,0,0,0
19328,0,301,301,0,0,0,0,0,0,0,0,0,0,0,0
19344,1,301,301,0,0,0,0,0,0,0,0,0,0,0,0
19391,0,301,301,0,0,0,0,0,0,0,0,0,0,0,0
19422,0,301,301,0,0,0,0,0,0,0,0,0,0,0,0
19453,0,301,301,0,0,0,0,0,0,0,0,0,0,0,0
19469,0,301,301,0,0,0,0,0,0,0,0,0,0,0,0
19500,0,301,301,0,0,0,0,0,0,0,0,0,0,0,0
19516,0,301,301,0,0,0,0,0,0,0,0,0,0,0,0
19547,0,301,301,0,0,0,0,0,0,0,0,0,0,0,0
19578,0,301,301,0,0,0,0,0,0,0,0,0,0,0,0
19594,0,301,301,0,0,0,0,0,0,0,0,0,0,0,0
19625,0,301,301,0,0,0,0,0,0,0,0,0,0,0,0
19641,0,301,301,0,0,0,0,0,0,0,0,0,0,0,0
19672,0,301,301,0,0,0,0,0,0,0,0,0,0,0,0
19703,1,301,301,0,0,0,0,0,0,0,0,0,0,0,0
19750,0,301,301,0,0,0,0,0,0,0,0,0,0,0,0
19766,0,301,301,0,0,0,0,0,0,0,0,0,0,0,0
19797,0,301,301,0,0,0,0,0,0,0,0,0,0,0,0
19828,0,301,301,0,0,0,0,0,0,0,0,0,0,0,0
19844,0,301,301,0,0,0,0,0,0,0,0,0,0,0,0
19875,0,301,301,0,0,0,0,0,0,0,0,0,0,0,0
19891,0,301,301,0,0,0,0,0,0,0,0,0,0,0,0
19922,0,301,301,0,0,0,0,0,0,0,0,0,0,0,0
19953,0,301,301,0,0,0,0,0,0,0,0,0,0,0,0
19969,0,301,301,0,0,0,0,0,0,0,0,0,0,0,0
20000,0,301,301,0,0,0,0,0,0,0,0,0,0,0,0
20016,0,301,301,0,0,0,0,0,0,0,0,0,0,0,0
20047,1,301,301,0,0,0,0,0,0,0,0,0,0,0,0
20094,0,301,301,0,0,0,0,0,0,0,0,0,0,0,0
20125,0,301,301,0,0,0,0,0,0,0,0,0,0,0,0
20141,0,301,301,0,0,0,0,0,0,0,0,0,0,0,0
20172,0,301,301,0,0,0,0,0,0,0,0,0,0,0,0
20203,0,301,301,0,0,0,0,0,0,0,0,0,0,0,0
20219,0,301,301,0,0,0,0,0,0,0,0,0,0,0,0
20250,0,301,301,0,0,0,0,0,0,0,0,0,0,0,0
20266,0,301,301,0,0,0,0,0,0,0,0,0,0,0,0
20297,0,301,301,0,0,0,0,0,0,0,0,0,0,0,0
20328,0,301,301,0,0,0,0,0,0,0,0,0,0,0,0
20344,0,301,301,0,0,0,0,0,0,0,0,0,0,0,0
20375,0,301,301,0,0,0,0,0,0,0,0,0,0,0,0
20391,1,301,301,0,0,0,0,0,0,0,0,0,0,0,0
20437,0,301,301,0,0,0,0,0,0,0,0,0,0,0,0
20453,0,301,301,0,0,0,0,0,0,0,0,0,0,0,0
20469,0,301,301,0,0,0,0,0,0,0,0,0,0,0,0
20500,0,301,301,0,0,0,0,0,0,0,0,0,0,0,0
20516,0,301,301,0,0,0,0,0,0,0,0,0,0,0,0
20547,0,301,301,0,0,0,0,0,0,0,0,0,0,0,0
20578,0,301,301,0,0,0,0,0,0,0,0,0,0,0,0
20594,0,301,301,0,0,0,0,0,0,0,0,0,0,0,0
20625,0,301,301,0,0,0,0,0,0,0,0,0,0,0,0
20641,0,301,301,0,0,0,0,0,0,0,0,0,0,0,0
20672,0,301,301,0,0,0,0,0,0,0,0,0,0,0,0
20703,0,301,301,0,0,0,0,0,0,0,0,0,0,0,0
20719,0,301,301,0,0,0,0,0,0,0,0,0,0,0,0
20750,1,287,302,0,0,0,0,0,0,0,0,0,0,0,0
20797,1,277,302,0,0,0,0,0,0,0,0,0,0,0,0
20844,1,268,300,0,0,0,0,0,0,0,0,0,0,0,0
20891,1,222,289,0,0,0,0,0,0,0,0,0,0,0,0
20937,1,180,279,0,0,0,0,0,0,0,0,0,0,0,0
20984,1,162,274,0,0,0,0,0,0,0,0,0,0,0,0
21031,1,158,272,0,0,0,0,0,0,0,0,0,0,0,0
21094,1,149,269,0,0,0,0,0,0,0,0,0,0,0,0
21141,1,137,265,0,0,0,0,0,0,0,0,0,0,0,0
21187,1,128,263,0,0,0,0,0,0,0,0,0,0,0,0
21234,1,127,262,0,0,0,0,0,0,0,0,0,0,0,0
21281,0,127,262,0,0,0,0,0,0,0,0,0,0,0,0
21297,0,127,262,0,0,0,0,0,0,0,0,0,0,0,0
21328,0,127,262,0,0,0,0,0,0,0,0,0,0,0,0
21344,0,127,262,0,0,0,0,0,0,0,0,0,0,0,0
21375,0,127,262,0,0,0,0,0,0,0,0,0,0,0,0
21391,0,127,262,0,0,0,0,0,0,0,0,0,0,0,0
21422,1,123,261,0,0,0,0,0,0,0,0,0,0,0,0
21469,1,115,257,0,0,0,0,0,0,0,0,0,0,0,0
21516,1,108,255,0,0,0,0,0,0,0,0,0,0,0,0
21562,1,102,254,0,0,0,0,0,0,0,0,0,0,0,0
21609,0,102,254,0,0,0,0,0,0,0,0,0,0,0,0
21625,0,102,254,0,0,0,0,0,0,0,0,0,0,0,0
21641,0,102,254,0,0,0,0,0,0,0,0,0,0,0,0
21672,1,102,254,1,0,0,0,0,0,0,0,0,0,0,0
21719,0,102,254,0,0,0,0,0,0,0,0,0,0,0,0
21750,1,101,254,0,0,0,0,0,0,0,0,0,0,0,0
21797,0,101,254,0,0,0,0,0,0,0,0,0,0,0,0
21828,1,94,255,0,0,0,0,0,0,0,0,0,0,0,0
21875,1,84,255,0,0,0,0,0,0,0,0,0,0,0,0
21922,1,76,255,0,0,0,0,0,0,0,0,0,0,0,0
21969,1,70,254,0,0,0,0,0,0,0,0,0,0,0,0
22016,1,58,252,0,0,0,0,0,0,0,0,0,0,0,0
22078,1,54,251,0,0,0,0,0,0,0,0,0,0,0,0
22125,1,53,251,0,0,0,0,0,0,0,0,0,0,0,0
22172,0,53,251,0,0,0,0,0,0,0,0,0,0,0,0
22203,1,53,251,0,0,1,0,0,0,0,0,0,0,0,0
22250,0,53,251,0,0,0,0,0,0,0,0,0,0,0,0
22266,0,53,251,0,0,0,0,0,0,0,0,0,0,0,0
22297,0,53,251,0,0,0,0,0,0,0,0,0,0,0,0
22328,0,53,251,0,0,0,0,0,0,0,0,0,0,0,0
22344,0,53,251,0,0,0,0,0,0,0,0,0,0,0,0
22375,0,53,251,0,0,0,0,0,0,0,0,0,0,0,0
22391,0,53,251,0,0,0,0,0,0,0,0,0,0,0,0
22422,0,53,251,0,0,0,0,0,0,0,0,0,0,0,0
22453,1,53,252,0,0,0,0,0,0,0,0,0,0,0,0
22500,1,53,254,0,0,0,0,0,0,0,0,0,0,0,0
22547,1,53,258,0,0,0,0,0,0,0,0,0,0,0,0
22609,1,56,271,0,0,0,0,0,0,0,0,0,0,0,0
22656,1,60,280,0,0,0,0,0,0,0,0,0,0,0,0
22703,1,67,288,0,0,0,0,0,0,0,0,0,0,0,0
22750,1,70,291,0,0,0,0,0,0,0,0,0,0,0,0
22797,1,81,299,0,0,0,0,0,0,0,0,0,0,0,0
22859,1,82,300,0,0,0,0,0,0,0,0,0,0,0,0
22906,1,84,304,0,0,0,0,0,0,0,0,0,0,0,0
22953,1,89,315,0,0,0,0,0,0,0,0,0,0,0,0
23000,1,89,316,0,0,0,0,0,0,0,0,0,0,0,0
23062,0,89,316,0,0,0,0,0,0,0,0,0,0,0,0
23078,0,89,316,0,0,0,0,0,0,0,0,0,0,0,0
23094,0,89,316,0,0,0,0,0,0,0,0,0,0,0,0
23125,0,89,316,0,0,0,0,0,0,0,0,0,0,0,0
23141,0,89,316,0,0,0,0,0,0,0,0,0,0,0,0
23172,0,89,316,0,0,0,0,0,0,0,0,0,0,0,0
23203,1,88,315,0,0,0,0,0,0,0,0,0,0,0,0
23250,1,80,306,0,0,0,0,0,0,0,0,0,0,0,0
23297,1,79,304,0,0,0,0,0,0,0,0,0,0,0,0
23344,0,79,304,0,0,0,0,0,0,0,0,0,0,0,0
23375,0,79,304,0,0,0,0,0,0,0,0,0,0,0,0
23391,0,79,304,0,0,0,0,0,0,0,0,0,0,0,0
23422,0,79,304,0,0,0,0,0,0,0,0,0,0,0,0
23453,0,79,304,0,0,0,0,0,0,0,0,0,0,0,0
23469,0,79,304,0,0,0,0,0,0,0,0,0,0,0,0
23500,0,79,304,0,0,0,0,0,0,0,0,0,0,0,0
23516,0,79,304,0,0,0,0,0,0,0,0,0,0,0,0
23547,0,79,304,0,0,0,0,0,0,0,0,0,0,0,0
23578,0,79,304,0,0,0,0,0,0,0,0,0,0,0,0
23594,0,79,304,0,0,0,0,0,0,0,0,0,0,0,0
23625,0,79,304,0,0,0,0,0,0,0,0,0,0,0,0
23641,1,79,304,0,0,0,0,0,0,0,0,0,0,0,0
23687,0,79,304,0,0,0,0,0,0,0,0,0,0,0,0
23703,0,79,304,0,0,0,0,0,0,0,0,0,0,0,0
23719,0,79,304,0,0,0,0,0,0,0,0,0,0,0,0
23750,0,79,304,0,0,0,0,0,0,0,0,0,0,0,0
23766,0,79,304,0,0,0,0,0,0,0,0,0,0,0,0
23797,0,79,304,0,0,0,0,0,0,0,0,0,0,0,0
23828,0,79,304,0,0,0,0,0,0,0,0,0,0,0,0
23844,0,79,304,0,0,0,0,0,0,0,0,0,0,0,0
23875,0,79,304,0,0,0,0,0,0,0,0,0,0,0,0
23891,0,79,304,0,0,0,0,0,0,0,0,0,0,0,0
23922,0,79,304,0,0,0,0,0,0,0,0,0,0,0,0
23953,0,79,304,0,0,0,0,0,0,0,0,0,0,0,0
23969,0,79,304,0,0,0,0,0,0,0,0,0,0,0,0
24000,1,79,304,0,0,0,0,0,0,0,0,0,0,0,0
24047,0,79,304,0,0,0,0,0,0,0,0,0,0,0,0
24078,0,79,304,0,0,0,0,0,0,0,0,0,0,0,0
24094,0,79,304,0,0,0,0,0,0,0,0,0,0,0,0
24125,0,79,304,0,0,0,0,0,0,0,0,0,0,0,0
24141,0,79,304,0,0,0,0,0,0,0,0,0,0,0,0
24172,0,79,304,0,0,0,0,0,0,0,0,0,0,0,0
24203,0,79,304,0,0,0,0,0,0,0,0,0,0,0,0
24219,0,79,304,0,0,0,0,0,0,0,0,0,0,0,0
24250,0,79,304,0,0,0,0,0,0,0,0,0,0,0,0
24266,0,79,304,0,0,0,0,0,0,0,0,0,0,0,0
24297,0,79,304,0,0,0,0,0,0,0,0,0,0,0,0
24328,0,79,304,0,0,0,0,0,0,0,0,0,0,0,0
24344,1,79,304,0,0,0,0,0,0,0,0,0,0,0,0
24391,0,79,304,0,0,0,0,0,0,0,0,0,0,0,0
24422,0,79,304,0,0,0,0,0,0,0,0,0,0,0,0
24453,0,79,304,0,0,0,0,0,0,0,0,0,0,0,0
24469,0,79,304,0,0,0,0,0,0,0,0,0,0,0,0
24500,0,79,304,0,0,0,0,0,0,0,0,0,0,0,0
24516,0,79,304,0,0,0,0,0,0,0,0,0,0,0,0
24547,0,79,304,0,0,0,0,0,0,0,0,0,0,0,0
24578,0,79,304,0,0,0,0,0,0,0,0,0,0,0,0
24594,0,79,304,0,0,0,0,0,0,0,0,0,0,0,0
24625,0,79,304,0,0,0,0,0,0,0,0,0,0,0,0
24641,0,79,304,0,0,0,0,0,0,0,0,0,0,0,0
24672,0,79,304,0,0,0,0,0,0,0,0,0,0,0,0
24703,1,79,304,0,0,0,0,0,0,0,0,0,0,0,0
24750,0,79,304,0,0,0,0,0,0,0,0,0,0,0,0
24766,0,79,304,0,0,0,0,0,0,0,0,0,0,0,0
24797,0,79,304,0,0,0,0,0,0,0,0,0,0,0,0
24828,0,79,304,0,0,0,0,0,0,0,0,0,0,0,0
24844,0,79,304,0,0,0,0,0,0,0,0,0,0,0,0
24875,0,79,304,0,0,0,0,0,0,0,0,0,0,0,0
24891,0,79,304,0,0,0,0,0,0,0,0,0,0,0,0
24922,0,79,304,0,0,0,0,0,0,0,0,0,0,0,0
24953,0,79,304,0,0,0,0,0,0,0,0,0,0,0,0
24969,0,79,304,0,0,0,0,0,0,0,0,0,0,0,0
25000,0,79,304,0,0,0,0,0,0,0,0,0,0,0,0
25016,0,79,304,0,0,0,0,0,0,0,0,0,0,0,0
25047,1,79,304,0,0,0,0,0,0,0,0,0,0,0,0
25094,0,79,304,0,0,0,0,0,0,0,0,0,0,0,0
25125,0,79,304,0,0,0,0,0,0,0,0,0,0,0,0
25141,0,79,304,0,0,0,0,0,0,0,0,0,0,0,0
25172,0,79,304,0,0,0,0,0,0,0,0,0,0,0,0
25203,0,79,304,0,0,0,0,0,0,0,0,0,0,0,0
25219,0,79,304,0,0,0,0,0,0,0,0,0,0,0,0
25250,0,79,304,0,0,0,0,0,0,0,0,0,0,0,0
25266,0,79,304,0,0,0,0,0,0,0,0,0,0,0,0
25297,0,79,304,0,0,0,0,0,0,0,0,0,0,0,0
25328,0,79,304,0,0,0,0,0,0,0,0,0,0,0,0
25344,0,79,304,0,0,0,0,0,0,0,0,0,0,0,0
25375,0,79,304,0,0,0,0,0,0,0,0,0,0,0,0
25391,1,79,304,0,0,0,0,0,0,0,0,0,0,0,0
25437,0,79,304,0,0,0,0,0,0,0,0,0,0,0,0
25453,0,79,304,0,0,0,0,0,0,0,0,0,0,0,0
25469,0,79,304,0,0,0,0,0,0,0,0,0,0,0,0
25500,0,79,304,0,0,0,0,0,0,0,0,0,0,0,0
25516,0,79,304,0,0,0,0,0,0,0,0,0,0,0,0
25547,0,79,304,0,0,0,0,0,0,0,0,0,0,0,0
25578,0,79,304,0,0,0,0,0,0,0,0,0,0,0,0
25594,0,79,304,0,0,0,0,0,0,0,0,0,0,0,0
25625,0,79,304,0,0,0,0,0,0,0,0,0,0,0,0
25641,0,79,304,0,0,0,0,0,0,0,0,0,0,0,0
25672,1,90,319,0,0,0,0,0,0,0,0,0,0,0,0
25719,1,96,330,0,0,0,0,0,0,0,0,0,0,0,0
25766,1,100,337,0,0,0,0,0,0,0,0,0,0,0,0
25812,1,103,341,0,0,0,0,0,0,0,0,0,0,0,0
25859,1,111,345,0,0,0,0,0,0,0,0,0,0,0,0
25922,1,120,345,0,0,0,0,0,0,0,0,0,0,0,0
25969,1,134,346,0,0,0,0,0,0,0,0,0,0,0,0
26016,1,155,346,0,0,0,0,0,0,0,0,0,0,0,0
26062,1,172,348,0,0,0,0,0,0,0,0,0,0,0,0
26109,1,177,347,0,0,0,0,0,0,0,0,0,0,0,0
26172,0,177,347,0,0,0,0,0,0,0,0,0,0,0,0
26203,0,177,347,0,0,0,0,0,0,0,0,0,0,0,0
26219,0,177,347,0,0,0,0,0,0,0,0,0,0,0,0
26250,0,177,347,0,0,0,0,0,0,0,0,0,0,0,0
26266,0,177,347,0,0,0,0,0,0,0,0,0,0,0,0
26297,1,178,347,0,0,0,0,0,0,0,0,0,0,0,0
26344,1,195,347,0,0,0,0,0,0,0,0,0,0,0,0
26391,1,201,347,0,0,0,0,0,0,0,0,0,0,0,0
26437,1,202,346,0,0,0,0,0,0,0,0,0,0,0,0
26484,0,202,346,0,0,0,0,0,0,0,0,0,0,0,0
26500,0,202,346,0,0,0,0,0,0,0,0,0,0,0,0
26516,0,202,346,0,0,0,0,0,0,0,0,0,0,0,0
26547,0,202,346,0,0,0,0,0,0,0,0,0,0,0,0
26578,0,202,346,0,0,0,0,0,0,0,0,0,0,0,0
26594,0,202,346,0,0,0,0,0,0,0,0,0,0,0,0
26625,0,202,346,0,0,0,0,0,0,0,0,0,0,0,0
26641,0,202,346,0,0,0,0,0,0,0,0,0,0,0,0
26672,0,202,346,0,0,0,0,0,0,0,0,0,0,0,0
26703,0,202,346,0,0,0,0,0,0,0,0,0,0,0,0
26719,0,202,346,0,0,0,0,0,0,0,0,0,0,0,0
26750,0,202,346,0,0,0,0,0,0,0,0,0,0,0,0
26766,0,202,346,0,0,0,0,0,0,0,0,0,0,0,0
26797,1,200,340,0,0,0,0,0,0,0,0,0,0,0,0
26844,1,200,331,0,0,0,0,0,0,0,0,0,0,0,0
26891,1,201,328,0,0,0,0,0,0,0,0,0,0,0,0
26937,1,202,316,0,0,0,0,0,0,0,0,0,0,0,0
26984,1,204,302,0,0,0,0,0,0,0,0,0,0,0,0
27047,1,205,287,0,0,0,0,0,0,0,0,0,0,0,0
27094,1,208,277,0,0,0,0,0,0,0,0,0,0,0,0
27141,1,208,275,0,0,0,0,0,0,0,0,0,0,0,0
27187,1,206,273,0,0,0,0,0,0,0,0,0,0,0,0
27234,1,204,270,0,0,0,0,0,0,0,0,0,0,0,0
27297,1,202,265,0,0,0,0,0,0,0,0,0,0,0,0
27344,1,201,262,0,0,0,0,0,0,0,0,0,0,0,0
27391,1,203,261,0,0,0,0,0,0,0,0,0,0,0,0
27437,1,203,260,0,0,0,0,0,0,0,0,0,0,0,0
27484,0,203,260,0,0,0,0,0,0,0,0,0,0,0,0
27500,0,203,260,0,0,0,0,0,0,0,0,0,0,0,0
27516,0,203,260,0,0,0,0,0,0,0,0,0,0,0,0
27547,0,203,260,0,0,0,0,0,0,0,0,0,0,0,0
27578,1,203,260,1,0,0,0,0,0,0,0,0,0,0,0
27625,0,203,260,0,0,0,0,0,0,0,0,0,0,0,0
27641,0,203,260,0,0,0,0,0,0,0,0,0,0,0,0
27672,1,203,260,0,0,1,0,0,0,0,0,0,0,0,0
27719,0,203,260,0,0,0,0,0,0,0,0,0,0,0,0
27750,1,203,261,0,0,0,0,0,0,0,0,0,0,0,0
27797,1,203,279,0,0,0,0,0,0,0,0,0,0,0,0
27844,1,203,289,0,0,0,0,0,0,0,0,0,0,0,0
27906,1,200,310,0,0,0,0,0,0,0,0,0,0,0,0
27953,1,199,326,0,0,0,0,0,0,0,0,0,0,0,0
28000,1,199,334,0,0,0,0,0,0,0,0,0,0,0,0
28047,1,200,349,0,0,0,0,0,0,0,0,0,0,0,0
28094,1,201,355,0,0,0,0,0,0,0,0,0,0,0,0
28141,0,201,355,0,0,0,0,0,0,0,0,0,0,0,0
28172,0,201,355,0,0,0,0,0,0,0,0,0,0,0,0
28203,0,201,355,0,0,0,0,0,0,0,0,0,0,0,0
28219,0,201,355,0,0,0,0,0,0,0,0,0,0,0,0
28250,0,201,355,0,0,0,0,0,0,0,0,0,0,0,0
28266,1,202,353,0,0,0,0,0,0,0,0,0,0,0,0
28312,1,202,351,0,0,0,0,0,0,0,0,0,0,0,0
28359,1,200,349,1,0,0,0,0,0,0,0,0,0,0,0
28406,1,191,344,0,0,0,0,0,0,0,0,0,0,0,0
28469,1,171,340,0,0,0,0,0,0,0,0,0,0,0,0
28516,1,145,339,0,0,0,0,0,0,0,0,0,0,0,0
28562,1,126,339,0,0,0,0,0,0,0,0,0,0,0,0
28609,1,109,339,0,0,0,0,0,0,0,0,0,0,0,0
28672,1,93,339,0,0,0,0,0,0,0,0,0,0,0,0
28719,1,81,339,0,0,0,0,0,0,0,0,0,0,0,0
28766,1,79,339,0,0,0,0,0,0,0,0,0,0,0,0
28812,0,79,339,0,0,0,0,0,0,0,0,0,0,0,0
28828,1,78,339,0,0,0,0,0,0,0,0,0,0,0,0
28875,1,71,339,0,0,0,0,0,0,0,0,0,0,0,0
28922,1,69,339,0,0,0,0,0,0,0,0,0,0,0,0
28984,0,69,339,0,0,0,0,0,0,0,0,0,0,0,0
29000,0,69,339,0,0,0,0,0,0,0,0,0,0,0,0
29016,1,69,339,0,0,1,0,0,0,0,0,0,0,0,0
29062,0,69,339,0,0,0,0,0,0,0,0,0,0,0,0
29078,0,69,339,0,0,0,0,0,0,0,0,0,0,0,0
29094,0,69,339,0,0,0,0,0,0,0,0,0,0,0,0
29125,0,69,339,0,0,0,0,0,0,0,0,0,0,0,0
29141,0,69,339,0,0,0,0,0,0,0,0,0,0,0,0
29172,0,69,339,0,0,0,0,0,0,0,0,0,0,0,0
29203,0,69,339,0,0,0,0,0,0,0,0,0,0,0,0
29219,0,69,339,0,0,0,0,0,0,0,0,0,0,0,0
29250,0,69,339,0,0,0,0,0,0,0,0,0,0,0,0
29266,0,69,339,0,0,0,0,0,0,0,0,0,0,0,0
29297,0,69,339,0,0,0,0,0,0,0,0,0,0,0,0
29328,0,69,339,0,0,0,0,0,0,0,0,0,0,0,0
29344,0,69,339,0,0,0,0,0,0,0,0,0,0,0,0
29375,1,69,339,0,0,0,0,0,0,0,0,0,0,0,0
29422,0,69,339,0,0,0,0,0,0,0,0,0,0,0,0
29453,0,69,339,0,0,0,0,0,0,0,0,0,0,0,0
29469,0,69,339,0,0,0,0,0,0,0,0,0,0,0,0
29500,0,69,339,0,0,0,0,0,0,0,0,0,0,0,0
29516,0,69,339,0,0,0,0,0,0,0,0,0,0,0,0
29547,0,69,339,0,0,0,0,0,0,0,0,0,0,0,0
29578,0,69,339,0,0,0,0,0,0,0,0,0,0,0,0
29594,0,69,339,0,0,0,0,0,0,0,0,0,0,0,0
29625,0,69,339,0,0,0,0,0,0,0,0,0,0,0,0
29641,0,69,339,0,0,0,0,0,0,0,0,0,0,0,0
29672,0,69,339,0,0,0,0,0,0,0,0,0,0,0,0
29703,0,69,339,0,0,0,0,0,0,0,0,0,0,0,0
29719,1,69,339,0,0,0,0,0,0,0,0,0,0,0,0
29766,0,69,339,0,0,0,0,0,0,0,0,0,0,0,0
29797,0,69,339,0,0,0,0,0,0,0,0,0,0,0,0
29828,0,69,339,0,0,0,0,0,0,0,0,0,0,0,0
29844,0,69,339,0,0,0,0,0,0,0,0,0,0,0,0
29875,0,69,339,0,0,0,0,0,0,0,0,0,0,0,0
29891,0,69,339,0,0,0,0,0,0,0,0,0,0,0,0
29922,0,69,339,0,0,0,0,0,0,0,0,0,0,0,0
29953,0,69,339,0,0,0,0,0,0,0,0,0,0,0,0
29969,0,69,339,0,0,0,0,0,0,0,0,0,0,0,0
30000,0,69,339,0,0,0,0,0,0,0,0,0,0,0,0
30016,0,69,339,0,0,0,0,0,0,0,0,0,0,0,0
30047,0,69,339,0,0,0,0,0,0,0,0,0,0,0,0
30078,1,69,339,0,0,0,0,0,0,0,0,0,0,0,0
30125,0,69,339,0,0,0,0,0,0,0,0,0,0,0,0
30141,0,69,339,0,0,0,0,0,0,0,0,0,0,0,0
30172,0,69,339,0,0,0,0,0,0,0,0,0,0,0,0
30203,0,69,339,0,0,0,0,0,0,0,0,0,0,0,0
30219,0,69,339,0,0,0,0,0,0,0,0,0,0,0,0
30250,0,69,339,0,0,0,0,0,0,0,0,0,0,0,0
30266,0,69,339,0,0,0,0,0,0,0,0,0,0,0,0
30297,0,69,339,0,0,0,0,0,0,0,0,0,0,0,0
30328,0,69,339,0,0,0,0,0,0,0,0,0,0,0,0
30344,0,69,339,0,0,0,0,0,0,0,0,0,0,0,0
30375,0,69,339,0,0,0,0,0,0,0,0,0,0,0,0
30391,0,69,339,0,0,0,0,0,0,0,0,0,0,0,0
30422,1,69,339,0,0,0,0,0,0,0,0,0,0,0,0
30469,0,69,339,0,0,0,0,0,0,0,0,0,0,0,0
30500,0,69,339,0,0,0,0,0,0,0,0,0,0,0,0
30516,0,69,339,0,0,0,0,0,0,0,0,0,0,0,0
30547,0,69,339,0,0,0,0,0,0,0,0,0,0,0,0
30578,0,69,339,0,0,0,0,0,0,0,0,0,0,0,0
30594,0,69,339,0,0,0,0,0,0,0,0,0,0,0,0
30625,0,69,339,0,0,0,0,0,0,0,0,0,0,0,0
30641,0,69,339,0,0,0,0,0,0,0,0,0,0,0,0
30672,0,69,339,0,0,0,0,0,0,0,0,0,0,0,0
30703,0,69,339,0,0,0,0,0,0,0,0,0,0,0,0
30719,0,69,339,0,0,0,0,0,0,0,0,0,0,0,0
30750,0,69,339,0,0,0,0,0,0,0,0,0,0,0,0
30766,1,69,339,0,0,0,0,0,0,0,0,0,0,0,0
30812,0,69,339,0,0,0,0,0,0,0,0,0,0,0,0
30828,0,69,339,0,0,0,0,0,0,0,0,0,0,0,0
30844,0,69,339,0,0,0,0,0,0,0,0,0,0,0,0
30875,0,69,339,0,0,0,0,0,0,0,0,0,0,0,0
30891,0,69,339,0,0,0,0,0,0,0,0,0,0,0,0
30922,0,69,339,0,0,0,0,0,0,0,0,0,0,0,0
30953,0,69,339,0,0,0,0,0,0,0,0,0,0,0,0
30969,0,69,339,0,0,0,0,0,0,0,0,0,0,0,0
31000,0,69,339,0,0,0,0,0,0,0,0,0,0,0,0
31016,0,69,339,0,0,0,0,0,0,0,0,0,0,0,0
31047,0,69,339,0,0,0,0,0,0,0,0,0,0,0,0
31078,0,69,339,0,0,0,0,0,0,0,0,0,0,0,0
31094,0,69,339,0,0,0,0,0,0,0,0,0,0,0,0
31125,1,69,339,0,0,0,0,0,0,0,0,0,0,0,0
31172,0,69,339,0,0,0,0,0,0,0,0,0,0,0,0
31203,0,69,339,0,0,0,0,0,0,0,0,0,0,0,0
31219,0,69,339,0,0,0,0,0,0,0,0,0,0,0,0
31250,0,69,339,0,0,0,0,0,0,0,0,0,0,0,0
31266,0,69,339,0,0,0,0,0,0,0,0,0,0,0,0
31297,0,69,339,0,0,0,0,0,0,0,0,0,0,0,0
31328,0,69,339,0,0,0,0,0,0,0,0,0,0,0,0
31344,0,69,339,0,0,0,0,0,0,0,0,0,0,0,0
31375,0,69,339,0,0,0,0,0,0,0,0,0,0,0,0
31391,0,69,339,0,0,0,0,0,0,0,0,0,0,0,0
31422,0,69,339,0,0,0,0,0,0,0,0,0,0,0,0
31453,0,69,339,0,0,0,0,0,0,0,0,0,0,0,0
31469,1,69,339,0,0,0,0,0,0,0,0,0,0,0,0
31516,0,69,339,0,0,0,0,0,0,0,0,0,0,0,0
31547,0,69,339,0,0,0,0,0,0,0,0,0,0,0,0
31578,0,69,339,0,0,0,0,0,0,0,0,0,0,0,0
31594,0,69,339,0,0,0,0,0,0,0,0,0,0,0,0
31625,0,69,339,0,0,0,0,0,0,0,0,0,0,0,0
31641,0,69,339,0,0,0,0,0,0,0,0,0,0,0,0
31672,0,69,339,0,0,0,0,0,0,0,0,0,0,0,0
31703,0,69,339,0,0,0,0,0,0,0,0,0,0,0,0
31719,0,69,339,0,0,0,0,0,0,0,0,0,0,0,0
31750,0,69,339,0,0,0,0,0,0,0,0,0,0,0,0
31766,0,69,339,0,0,0,0,0,0,0,0,0,0,0,0
31797,0,69,339,0,0,0,0,0,0,0,0,0,0,0,0
31828,1,69,339,0,0,0,0,0,0,0,0,0,0,0,0
31875,0,69,339,0,0,0,0,0,0,0,0,0,0,0,0
31891,0,69,339,0,0,0,0,0,0,0,0,0,0,0,0
31922,0,69,339,0,0,0,0,0,0,0,0,0,0,0,0
31953,0,69,339,0,0,0,0,0,0,0,0,0,0,0,0
31969,0,69,339,0,0,0,0,0,0,0,0,0,0,0,0
32000,0,69,339,0,0,0,0,0,0,0,0,0,0,0,0
32016,0,69,339,0,0,0,0,0,0,0,0,0,0,0,0
32047,0,69,339,0,0,0,0,0,0,0,0,0,0,0,0
32078,0,69,339,0,0,0,0,0,0,0,0,0,0,0,0
32094,0,69,339,0,0,0,0,0,0,0,0,0,0,0,0
32125,0,69,339,0,0,0,0,0,0,0,0,0,0,0,0
32141,0,69,339,0,0,0,0,0,0,0,0,0,0,0,0
32172,1,69,339,0,0,0,0,0,0,0,0,0,0,0,0
32219,1,110,337,0,0,0,0,0,0,0,0,0,0,0,0
32266,1,260,331,0,0,0,0,0,0,0,0,0,0,0,0
32312,1,266,331,0,0,0,0,0,0,0,0,0,0,0,0
32359,1,256,330,0,0,0,0,0,0,0,0,0,0,0,0
32406,1,252,329,0,0,0,0,0,0,0,0,0,0,0,0
32453,1,251,329,0,0,0,0,0,0,0,0,0,0,0,0
32500,0,251,329,0,0,0,0,0,0,0,0,0,0,0,0
32516,1,253,329,0,0,0,0,0,0,0,0,0,0,0,0
32562,1,268,333,0,0,0,0,0,0,0,0,0,0,0,0
32609,1,274,336,0,0,0,0,0,0,0,0,0,0,0,0
32656,1,277,340,0,0,0,0,0,0,0,0,0,0,0,0
32703,1,277,342,0,0,0,0,0,0,0,0,0,0,0,0
32750,1,278,343,0,0,0,0,0,0,0,0,0,0,0,0
32797,1,281,347,0,0,0,0,0,0,0,0,0,0,0,0
32844,1,284,349,0,0,0,0,0,0,0,0,0,0,0,0
32891,1,284,350,0,0,0,0,0,0,0,0,0,0,0,0
32937,1,288,350,0,0,0,0,0,0,0,0,0,0,0,0
32984,1,293,350,1,0,0,0,0,0,0,0,0,0,0,0
33031,1,297,348,0,0,0,0,0,0,0,0,0,0,0,0
33078,1,303,347,0,0,0,0,0,0,0,0,0,0,0,0
33125,1,306,346,0,0,0,0,0,0,0,0,0,0,0,0
33172,1,311,345,0,0,0,0,0,0,0,0,0,0,0,0
33219,1,318,345,0,0,0,0,0,0,0,0,0,0,0,0
33266,1,322,345,0,0,0,0,0,0,0,0,0,0,0,0
33312,1,327,345,0,0,0,0,0,0,0,0,0,0,0,0
33359,1,334,345,0,0,0,0,0,0,0,0,0,0,0,0
33422,1,338,346,0,0,0,0,0,0,0,0,0,0,0,0
33469,1,340,346,0,0,0,0,0,0,0,0,0,0,0,0
33516,1,341,346,0,0,0,0,0,0,0,0,0,0,0,0
33562,1,342,346,0,0,0,0,0,0,0,0,0,0,0,0
33609,0,342,346,0,0,0,0,0,0,0,0,0,0,0,0
33625,0,342,346,0,0,0,0,0,0,0,0,0,0,0,0
33641,1,342,346,0,0,1,0,0,0,0,0,0,0,0,0
33687,0,342,346,0,0,0,0,0,0,0,0,0,0,0,0
33703,0,342,346,0,0,0,0,0,0,0,0,0,0,0,0
33719,0,342,346,0,0,0,0,0,0,0,0,0,0,0,0
33750,0,342,346,0,0,0,0,0,0,0,0,0,0,0,0
33766,0,342,346,0,0,0,0,0,0,0,0,0,0,0,0
33797,1,337,346,0,0,0,0,0,0,0,0,0,0,0,0
33844,1,336,347,0,0,0,0,0,0,0,0,0,0,0,0
33891,1,337,348,0,0,0,0,0,0,0,0,0,0,0,0
33937,1,337,349,0,0,0,0,0,0,0,0,0,0,0,0
33984,0,337,349,0,0,0,0,0,0,0,0,0,0,0,0
34000,0,337,349,0,0,0,0,0,0,0,0,0,0,0,0
34016,0,337,349,0,0,0,0,0,0,0,0,0,0,0,0
34047,0,337,349,0,0,0,0,0,0,0,0,0,0,0,0
34078,0,337,349,0,0,0,0,0,0,0,0,0,0,0,0
34094,0,337,349,0,0,0,0,0,0,0,0,0,0,0,0
34125,0,337,349,0,0,0,0,0,0,0,0,0,0,0,0
34141,0,337,349,0,0,0,0,0,0,0,0,0,0,0,0
34172,0,337,349,0,0,0,0,0,0,0,0,0,0,0,0
34203,0,337,349,0,0,0,0,0,0,0,0,0,0,0,0
34219,0,337,349,0,0,0,0,0,0,0,0,0,0,0,0
34250,0,337,349,0,0,0,0,0,0,0,0,0,0,0,0
34266,0,337,349,0,0,0,0,0,0,0,0,0,0,0,0
34297,1,337,349,0,0,0,0,0,0,0,0,0,0,0,0
34344,0,337,349,0,0,0,0,0,0,0,0,0,0,0,0
34375,0,337,349,0,0,0,0,0,0,0,0,0,0,0,0
34391,0,337,349,0,0,0,0,0,0,0,0,0,0,0,0
34422,0,337,349,0,0,0,0,0,0,0,0,0,0,0,0
34453,0,337,349,0,0,0,0,0,0,0,0,0,0,0,0
34469,0,337,349,0,0,0,0,0,0,0,0,0,0,0,0
34500,0,337,349,0,0,0,0,0,0,0,0,0,0,0,0
34516,0,337,349,0,0,0,0,0,0,0,0,0,0,0,0
34547,0,337,349,0,0,0,0,0,0,0,0,0,0,0,0
34578,0,337,349,0,0,0,0,0,0,0,0,0,0,0,0
34594,0,337,349,0,0,0,0,0,0,0,0,0,0,0,0
34625,0,337,349,0,0,0,0,0,0,0,0,0,0,0,0
34641,1,337,349,0,0,0,0,0,0,0,0,0,0,0,0
34687,0,337,349,0,0,0,0,0,0,0,0,0,0,0,0
34703,0,337,349,0,0,0,0,0,0,0,0,0,0,0,0
34719,0,337,349,0,0,0,0,0,0,0,0,0,0,0,0
34750,0,337,349,0,0,0,0,0,0,0,0,0,0,0,0
34766,0,337,349,0,0,0,0,0,0,0,0,0,0,0,0
34797,0,337,349,0,0,0,0,0,0,0,0,0,0,0,0
34828,0,337,349,0,0,0,0,0,0,0,0,0,0,0,0
34844,0,337,349,0,0,0,0,0,0,0,0,0,0,0,0
34875,0,337,349,0,0,0,0,0,0,0,0,0,0,0,0
34891,0,337,349,0,0,0,0,0,0,0,0,0,0,0,0
34922,0,337,349,0,0,0,0,0,0,0,0,0,0,0,0
34953,0,337,349,0,0,0,0,0,0,0,0,0,0,0,0
34969,0,337,349,0,0,0,0,0,0,0,0,0,0,0,0
35000,1,337,349,0,0,0,0,0,0,0,0,0,0,0,0
35047,0,337,349,0,0,0,0,0,0,0,0,0,0,0,0
35078,0,337,349,0,0,0,0,0,0,0,0,0,0,0,0
35094,0,337,349,0,0,0,0,0,0,0,0,0,0,0,0
35125,0,337,349,0,0,0,0,0,0,0,0,0,0,0,0
35141,0,337,349,0,0,0,0,0,0,0,0,0,0,0,0
35172,0,337,349,0,0,0,0,0,0,0,0,0,0,0,0
35203,0,337,349,0,0,0,0,0,0,0,0,0,0,0,0
35219,0,337,349,0,0,0,0,0,0,0,0,0,0,0,0
35250,0,337,349,0,0,0,0,0,0,0,0,0,0,0,0
35266,0,337,349,0,0,0,0,0,0,0,0,0,0,0,0
35297,0,337,349,0,0,0,0,0,0,0,0,0,0,0,0
35328,0,337,349,0,0,0,0,0,0,0,0,0,0,0,0
35344,1,337,349,0,0,0,0,0,0,0,0,0,0,0,0
35391,0,337,349,0,0,0,0,0,0,0,0,0,0,0,0
35422,0,337,349,0,0,0,0,0,0,0,0,0,0,0,0
35453,0,337,349,0,0,0,0,0,0,0,0,0,0,0,0
35469,0,337,349,0,0,0,0,0,0,0,0,0,0,0,0
35500,0,337,349,0,0,0,0,0,0,0,0,0,0,0,0
35516,0,337,349,0,0,0,0,0,0,0,0,0,0,0,0
35547,0,337,349,0,0,0,0,0,0,0,0,0,0,0,0
35578,0,337,349,0,0,0,0,0,0,0,0,0,0,0,0
35594,0,337,349,0,0,0,0,0,0,0,0,0,0,0,0
35625,0,337,349,0,0,0,0,0,0,0,0,0,0,0,0
35641,0,337,349,0,0,0,0,0,0,0,0,0,0,0,0
35672,0,337,349,0,0,0,0,0,0,0,0,0,0,0,0
35703,1,337,349,0,0,0,0,0,0,0,0,0,0,0,0
35750,0,337,349,0,0,0,0,0,0,0,0,0,0,0,0
35766,0,337,349,0,0,0,0,0,0,0,0,0,0,0,0
35797,0,337,349,0,0,0,0,0,0,0,0,0,0,0,0
35828,0,337,349,0,0,0,0,0,0,0,0,0,0,0,0
35844,0,337,349,0,0,0,0,0,0,0,0,0,0,0,0
35875,0,337,349,0,0,0,0,0,0,0,0,0,0,0,0
35891,0,337,349,0,0,0,0,0,0,0,0,0,0,0,0
35922,0,337,349,0,0,0,0,0,0,0,0,0,0,0,0
35953,0,337,349,0,0,0,0,0,0,0,0,0,0,0,0
35969,0,337,349,0,0,0,0,0,0,0,0,0,0,0,0
36000,0,337,349,0,0,0,0,0,0,0,0,0,0,0,0
36016,0,337,349,0,0,0,0,0,0,0,0,0,0,0,0
36047,1,337,349,0,0,0,0,0,0,0,0,0,0,0,0
36094,0,337,349,0,0,0,0,0,0,0,0,0,0,0,0
36125,0,337,349,0,0,0,0,0,0,0,0,0,0,0,0
36141,0,337,349,0,0,0,0,0,0,0,0,0,0,0,0
36172,0,337,349,0,0,0,0,0,0,0,0,0,0,0,0
36203,0,337,349,0,0,0,0,0,0,0,0,0,0,0,0
36219,0,337,349,0,0,0,0,0,0,0,0,0,0,0,0
36250,0,337,349,0,0,0,0,0,0,0,0,0,0,0,0
36266,0,337,349,0,0,0,0,0,0,0,0,0,0,0,0
36297,0,337,349,0,0,0,0,0,0,0,0,0,0,0,0
36328,0,337,349,0,0,0,0,0,0,0,0,0,0,0,0
36344,0,337,349,0,0,0,0,0,0,0,0,0,0,0,0
36375,0,337,349,0,0,0,0,0,0,0,0,0,0,0,0
36391,1,337,349,0,0,0,0,0,0,0,0,0,0,0,0
36437,0,337,349,0,0,0,0,0,0,0,0,0,0,0,0
36453,0,337,349,0,0,0,0,0,0,0,0,0,0,0,0
36469,0,337,349,0,0,0,0,0,0,0,0,0,0,0,0
36500,0,337,349,0,0,0,0,0,0,0,0,0,0,0,0
36516,0,337,349,0,0,0,0,0,0,0,0,0,0,0,0
36547,0,337,349,0,0,0,0,0,0,0,0,0,0,0,0
36578,0,337,349,0,0,0,0,0,0,0,0,0,0,0,0
36594,0,337,349,0,0,0,0,0,0,0,0,0,0,0,0
36625,0,337,349,0,0,0,0,0,0,0,0,0,0,0,0
36641,0,337,349,0,0,0,0,0,0,0,0,0,0,0,0
36672,0,337,349,0,0,0,0,0,0,0,0,0,0,0,0
36703,0,337,349,0,0,0,0,0,0,0,0,0,0,0,0
36719,0,337,349,0,0,0,0,0,0,0,0,0,0,0,0
36750,1,337,349,0,0,0,0,0,0,0,0,0,0,0,0
36797,0,337,349,0,0,0,0,0,0,0,0,0,0,0,0
36828,0,337,349,0,0,0,0,0,0,0,0,0,0,0,0
36844,0,337,349,0,0,0,0,0,0,0,0,0,0,0,0
36875,0,337,349,0,0,0,0,0,0,0,0,0,0,0,0
36891,0,337,349,0,0,0,0,0,0,0,0,0,0,0,0
36922,0,337,349,0,0,0,0,0,0,0,0,0,0,0,0
36953,0,337,349,0,0,0,0,0,0,0,0,0,0,0,0
36969,0,337,349,0,0,0,0,0,0,0,0,0,0,0,0
37000,0,337,349,0,0,0,0,0,0,0,0,0,0,0,0
37016,0,337,349,0,0,0,0,0,0,0,0,0,0,0,0
37047,0,337,349,0,0,0,0,0,0,0,0,0,0,0,0
37078,0,337,349,0,0,0,0,0,0,0,0,0,0,0,0
37094,1,337,349,0,0,0,0,0,0,0,0,0,0,0,0
37141,0,337,349,0,0,0,0,0,0,0,0,0,0,0,0
37172,0,337,349,0,0,0,0,0,0,0,0,0,0,0,0
37203,0,337,349,0,0,0,0,0,0,0,0,0,0,0,0
37219,0,337,349,0,0,0,0,0,0,0,0,0,0,0,0
37250,0,337,349,0,0,0,0,0,0,0,0,0,0,0,0
37266,0,337,349,0,0,0,0,0,0,0,0,0,0,0,0
37297,0,337,349,0,0,0,0,0,0,0,0,0,0,0,0
37328,0,337,349,0,0,0,0,0,0,0,0,0,0,0,0
37344,0,337,349,0,0,0,0,0,0,0,0,0,0,0,0
37375,0,337,349,0,0,0,0,0,0,0,0,0,0,0,0
37391,0,337,349,0,0,0,0,0,0,0,0,0,0,0,0
37422,0,337,349,0,0,0,0,0,0,0,0,0,0,0,0
37453,1,337,349,0,0,0,0,0,0,0,0,0,0,0,0
37500,0,337,349,0,0,0,0,0,0,0,0,0,0,0,0
37516,0,337,349,0,0,0,0,0,0,0,0,0,0,0,0
37547,0,337,349,0,0,0,0,0,0,0,0,0,0,0,0
37578,0,337,349,0,0,0,0,0,0,0,0,0,0,0,0
37594,0,337,349,0,0,0,0,0,0,0,0,0,0,0,0
37625,0,337,349,0,0,0,0,0,0,0,0,0,0,0,0
37641,0,337,349,0,0,0,0,0,0,0,0,0,0,0,0
37672,0,337,349,0,0,0,0,0,0,0,0,0,0,0,0
37703,0,337,349,0,0,0,0,0,0,0,0,0,0,0,0
37719,0,337,349,0,0,0,0,0,0,0,0,0,0,0,0
37750,0,337,349,0,0,0,0,0,0,0,0,0,0,0,0
37766,0,337,349,0,0,0,0,0,0,0,0,0,0,0,0
37797,1,337,349,0,0,0,0,0,0,0,0,0,0,0,0
37844,0,337,349,0,0,0,0,0,0,0,0,0,0,0,0
37875,0,337,349,0,0,0,0,0,0,0,0,0,0,0,0
37891,0,337,349,0,0,0,0,0,0,0,0,0,0,0,0
37922,0,337,349,0,0,0,0,0,0,0,0,0,0,0,0
37953,0,337,349,0,0,0,0,0,0,0,0,0,0,0,0
37969,0,337,349,0,0,0,0,0,0,0,0,0,0,0,0
38000,0,337,349,0,0,0,0,0,0,0,0,0,0,0,0
38016,0,337,349,0,0,0,0,0,0,0,0,0,0,0,0
38047,0,337,349,0,0,0,0,0,0,0,0,0,0,0,0
38078,0,337,349,0,0,0,0,0,0,0,0,0,0,0,0
38094,0,337,349,0,0,0,0,0,0,0,0,0,0,0,0
38125,0,337,349,0,0,0,0,0,0,0,0,0,0,0,0
38141,1,337,349,0,0,0,0,0,0,0,0,0,0,0,0
38187,0,337,349,0,0,0,0,0,0,0,0,0,0,0,0
38203,0,337,349,0,0,0,0,0,0,0,0,0,0,0,0
38219,0,337,349,0,0,0,0,0,0,0,0,0,0,0,0
38250,0,337,349,0,0,0,0,0,0,0,0,0,0,0,0
38266,0,337,349,0,0,0,0,0,0,0,0,0,0,0,0
38297,0,337,349,0,0,0,0,0,0,0,0,0,0,0,0
38328,0,337,349,0,0,0,0,0,0,0,0,0,0,0,0
38344,0,337,349,0,0,0,0,0,0,0,0,0,0,0,0
38375,0,337,349,0,0,0,0,0,0,0,0,0,0,0,0
38391,0,337,349,0,0,0,0,0,0,0,0,0,0,0,0
38422,0,337,349,0,0,0,0,0,0,0,0,0,0,0,0
38453,0,337,349,0,0,0,0,0,0,0,0,0,0,0,0
38469,0,337,349,0,0,0,0,0,0,0,0,0,0,0,0
38500,1,337,349,0,0,0,0,0,0,0,0,0,0,0,0
38547,0,337,349,0,0,0,0,0,0,0,0,0,0,0,0
38578,0,337,349,0,0,0,0,0,0,0,0,0,0,0,0
38594,0,337,349,0,0,0,0,0,0,0,0,0,0,0,0
38625,0,337,349,0,0,0,0,0,0,0,0,0,0,0,0
38641,0,337,349,0,0,0,0,0,0,0,0,0,0,0,0
38672,0,337,349,0,0,0,0,0,0,0,0,0,0,0,0
38703,0,337,349,0,0,0,0,0,0,0,0,0,0,0,0
38719,0,337,349,0,0,0,0,0,0,0,0,0,0,0,0
38750,0,337,349,0,0,0,0,0,0,0,0,0,0,0,0
38766,0,337,349,0,0,0,0,0,0,0,0,0,0,0,0
38797,0,337,349,0,0,0,0,0,0,0,0,0,0,0,0
38828,0,337,349,0,0,0,0,0,0,0,0,0,0,0,0
38844,1,337,349,0,0,0,0,0,0,0,0,0,0,0,0
38891,0,337,349,0,0,0,0,0,0,0,0,0,0,0,0
38922,0,337,349,0,0,0,0,0,0,0,0,0,0,0,0
38953,0,337,349,0,0,0,0,0,0,0,0,0,0,0,0
38969,0,337,349,0,0,0,0,0,0,0,0,0,0,0,0
39000,0,337,349,0,0,0,0,0,0,0,0,0,0,0,0
39016,0,337,349,0,0,0,0,0,0,0,0,0,0,0,0
39047,0,337,349,0,0,0,0,0,0,0,0,0,0,0,0
39078,0,337,349,0,0,0,0,0,0,0,0,0,0,0,0
39094,0,337,349,0,0,0,0,0,0,0,0,0,0,0,0
39125,0,337,349,0,0,0,0,0,0,0,0,0,0,0,0
39141,0,337,349,0,0,0,0,0,0,0,0,0,0,0,0
39172,0,337,349,0,0,0,0,0,0,0,0,0,0,0,0
39203,1,337,349,0,0,0,0,0,0,0,0,0,0,0,0
39250,0,337,349,0,0,0,0,0,0,0,0,0,0,0,0
39266,0,337,349,0,0,0,0,0,0,0,0,0,0,0,0
39297,0,337,349,0,0,0,0,0,0,0,0,0,0,0,0
39328,0,337,349,0,0,0,0,0,0,0,0,0,0,0,0
39344,0,337,349,0,0,0,0,0,0,0,0,0,0,0,0
39375,0,337,349,0,0,0,0,0,0,0,0,0,0,0,0
39391,0,337,349,0,0,0,0,0,0,0,0,0,0,0,0
39422,0,337,349,0,0,0,0,0,0,0,0,0,0,0,0
39453,0,337,349,0,0,0,0,0,0,0,0,0,0,0,0
39469,0,337,349,0,0,0,0,0,0,0,0,0,0,0,0
39500,0,337,349,0,0,0,0,0,0,0,0,0,0,0,0
39516,0,337,349,0,0,0,0,0,0,0,0,0,0,0,0
39547,1,337,349,0,0,0,0,0,0,0,0,0,0,0,0
39594,0,337,349,0,0,0,0,0,0,0,0,0,0,0,0
39625,0,337,349,0,0,0,0,0,0,0,0,0,0,0,0
39641,0,337,349,0,0,0,0,0,0,0,0,0,0,0,0
39672,0,337,349,0,0,0,0,0,0,0,0,0,0,0,0
39703,0,337,349,0,0,0,0,0,0,0,0,0,0,0,0
39719,0,337,349,0,0,0,0,0,0,0,0,0,0,0,0
39750,0,337,349,0,0,0,0,0,0,0,0,0,0,0,0
39766,0,337,349,0,0,0,0,0,0,0,0,0,0,0,0
39797,0,337,349,0,0,0,0,0,0,0,0,0,0,0,0
39828,0,337,349,0,0,0,0,0,0,0,0,0,0,0,0
39844,0,337,349,0,0,0,0,0,0,0,0,0,0,0,0
39875,0,337,349,0,0,0,0,0,0,0,0,0,0,0,0
39891,1,337,349,0,0,0,0,0,0,0,0,0,0,0,0
39937,0,337,349,0,0,0,0,0,0,0,0,0,0,0,0
39953,0,337,349,0,0,0,0,0,0,0,0,0,0,0,0
39969,0,337,349,0,0,0,0,0,0,0,0,0,0,0,0
40000,0,337,349,0,0,0,0,0,0,0,0,0,0,0,0
40016,0,337,349,0,0,0,0,0,0,0,0,0,0,0,0
40047,0,337,349,0,0,0,0,0,0,0,0,0,0,0,0
40078,0,337,349,0,0,0,0,0,0,0,0,0,0,0,0
40094,0,337,349,0,0,0,0,0,0,0,0,0,0,0,0
40125,0,337,349,0,0,0,0,0,0,0,0,0,0,0,0
40141,0,337,349,0,0,0,0,0,0,0,0,0,0,0,0
40172,0,337,349,0,0,0,0,0,0,0,0,0,0,0,0
40203,0,337,349,0,0,0,0,0,0,0,0,0,0,0,0
40219,0,337,349,0,0,0,0,0,0,0,0,0,0,0,0
40250,1,337,349,0,0,0,0,0,0,0,0,0,0,0,0
40297,0,337,349,0,0,0,0,0,0,0,0,0,0,0,0
40328,0,337,349,0,0,0,0,0,0,0,0,0,0,0,0
40344,0,337,349,0,0,0,0,0,0,0,0,0,0,0,0
40375,0,337,349,0,0,0,0,0,0,0,0,0,0,0,0
40391,0,337,349,0,0,0,0,0,0,0,0,0,0,0,0
40422,0,337,349,0,0,0,0,0,0,0,0,0,0,0,0
40453,0,337,349,0,0,0,0,0,0,0,0,0,0,0,0
40469,0,337,349,0,0,0,0,0,0,0,0,0,0,0,0
40500,0,337,349,0,0,0,0,0,0,0,0,0,0,0,0
40516,0,337,349,0,0,0,0,0,0,0,0,0,0,0,0
40547,0,337,349,0,0,0,0,0,0,0,0,0,0,0,0
40578,0,337,349,0,0,0,0,0,0,0,0,0,0,0,0
40594,1,337,349,0,0,0,0,0,0,0,0,0,0,0,0
40641,0,337,349,0,0,0,0,0,0,0,0,0,0,0,0
40672,0,337,349,0,0,0,0,0,0,0,0,0,0,0,0
40703,0,337,349,0,0,0,0,0,0,0,0,0,0,0,0
40719,0,337,349,0,0,0,0,0,0,0,0,0,0,0,0
40750,0,337,349,0,0,0,0,0,0,0,0,0,0,0,0
40766,0,337,349,0,0,0,0,0,0,0,0,0,0,0,0
40797,0,337,349,0,0,0,0,0,0,0,0,0,0,0,0
40828,0,337,349,0,0,0,0,0,0,0,0,0,0,0,0
40844,0,337,349,0,0,0,0,0,0,0,0,0,0,0,0
40875,0,337,349,0,0,0,0,0,0,0,0,0,0,0,0
40891,0,337,349,0,0,0,0,0,0,0,0,0,0,0,0
40922,1,435,324,0,0,0,0,0,0,0,0,0,0,0,0
40969,1,574,309,0,0,0,0,0,0,0,0,0,0,0,0
41016,1,754,303,0,0,0,0,0,0,0,0,0,0,0,0
41062,1,878,297,0,0,0,0,0,0,0,0,0,0,0,0
41125,1,947,276,0,0,0,0,0,0,0,0,0,0,0,0
41172,1,1020,239,0,0,0,0,0,0,0,0,0,0,0,0
41219,1,1079,205,0,0,0,0,0,0,0,0,0,0,0,0
41266,1,1131,171,0,0,0,0,0,0,0,0,0,0,0,0
41312,1,1151,147,0,0,0,0,0,0,0,0,0,0,0,0
41375,1,1184,97,0,0,0,0,0,0,0,0,0,0,0,0
41422,1,1200,68,0,0,0,0,0,0,0,0,0,0,0,0
41469,1,1211,50,0,0,0,0,0,0,0,0,0,0,0,0
41516,1,1217,41,0,0,0,0,0,0,0,0,0,0,0,0
41562,1,1223,34,0,0,0,0,0,0,0,0,0,0,0,0
41625,1,1227,31,0,0,0,0,0,0,0,0,0,0,0,0
41672,1,1232,24,0,0,0,0,0,0,0,0,0,0,0,0
41719,1,1239,15,0,0,0,0,0,0,0,0,0,0,0,0
41781,1,1245,7,0,0,0,0,0,0,0,0,0,0,0,0
41828,1,1248,3,0,0,0,0,0,0,0,0,0,0,0,0
41875,1,1251,0,0,0,0,0,0,0,0,0,0,0,0,0
41922,0,1251,0,0,0,0,0,0,0,0,0,0,0,0,0
41953,0,1251,0,0,0,0,0,0,0,0,0,0,0,0,0
41969,0,1251,0,0,0,0,0,0,0,0,0,0,0,0,0
42000,0,1251,0,0,0,0,0,0,0,0,0,0,0,0,0
42016,0,1251,0,0,0,0,0,0,0,0,0,0,0,0,0
42047,0,1251,0,0,0,0,0,0,0,0,0,0,0,0,0
42078,0,1251,0,0,0,0,0,0,0,0,0,0,0,0,0
42094,0,1251,0,0,0,0,0,0,0,0,0,0,0,0,0
42125,0,1251,0,0,0,0,0,0,0,0,0,0,0,0,0
42141,0,1251,0,0,0,0,0,0,0,0,0,0,0,0,0
42172,0,1251,0,0,0,0,0,0,0,0,0,0,0,0,0
42203,0,1251,0,0,0,0,0,0,0,0,0,0,0,0,0
